z_m,potential_v,electric_field_v_m,charge_c_m3
  0.0000000000E+00,  3.8401890937E+00,  1.6237638182E+00, -7.6969626328E-12
  5.1436345042E-03,  3.8318485291E+00,  1.6193022047E+00, -7.6634046909E-12
  1.0296281019E-02,  3.8235163102E+00,  1.6148522562E+00, -7.6300072634E-12
  1.5457952066E-02,  3.8151924371E+00,  1.6104139369E+00, -7.5967694896E-12
  2.0628660190E-02,  3.8068769097E+00,  1.6059872108E+00, -7.5636905142E-12
  2.5808417960E-02,  3.7985697282E+00,  1.6015720423E+00, -7.5307694866E-12
  3.0997237965E-02,  3.7902708924E+00,  1.5971683960E+00, -7.4980055615E-12
  3.6195132821E-02,  3.7819804024E+00,  1.5927762362E+00, -7.4653978983E-12
  4.1402115167E-02,  3.7736982582E+00,  1.5883955279E+00, -7.4329456616E-12
  4.6618197662E-02,  3.7654244598E+00,  1.5840262358E+00, -7.4006480206E-12
  5.1843392993E-02,  3.7571590071E+00,  1.5796683249E+00, -7.3685041497E-12
  5.7077713869E-02,  3.7489019003E+00,  1.5753217603E+00, -7.3365132279E-12
  6.2321173021E-02,  3.7406531392E+00,  1.5709865073E+00, -7.3046744392E-12
  6.7573783207E-02,  3.7324127239E+00,  1.5666625312E+00, -7.2729869722E-12
  7.2835557207E-02,  3.7241806543E+00,  1.5623497975E+00, -7.2414500203E-12
  7.8106507825E-02,  3.7159569306E+00,  1.5580482719E+00, -7.2100627817E-12
  8.3386647891E-02,  3.7077415526E+00,  1.5537579201E+00, -7.1788244593E-12
  8.8675990258E-02,  3.6995345205E+00,  1.5494787079E+00, -7.1477342606E-12
  9.3974547802E-02,  3.6913358340E+00,  1.5452106014E+00, -7.1167913977E-12
  9.9282333426E-02,  3.6831454934E+00,  1.5409535667E+00, -7.0859950874E-12
  1.0459936006E-01,  3.6749634986E+00,  1.5367075700E+00, -7.0553445510E-12
  1.0992564064E-01,  3.6667898495E+00,  1.5324725778E+00, -7.0248390144E-12
  1.1526118816E-01,  3.6586245463E+00,  1.5282485564E+00, -6.9944777080E-12
  1.2060601562E-01,  3.6504675888E+00,  1.5240354727E+00, -6.9642598666E-12
  1.2596013603E-01,  3.6423189770E+00,  1.5198332932E+00, -6.9341847297E-12
  1.3132356245E-01,  3.6341787111E+00,  1.5156419848E+00, -6.9042515410E-12
  1.3669630796E-01,  3.6260467909E+00,  1.5114615147E+00, -6.8744595488E-12
  1.4207838566E-01,  3.6179232166E+00,  1.5072918497E+00, -6.8448080054E-12
  1.4746980866E-01,  3.6098079880E+00,  1.5031329573E+00, -6.8152961680E-12
  1.5287059014E-01,  3.6017011052E+00,  1.4989848047E+00, -6.7859232977E-12
  1.5828074325E-01,  3.5936025681E+00,  1.4948473595E+00, -6.7566886600E-12
  1.6370028121E-01,  3.5855123769E+00,  1.4907205892E+00, -6.7275915248E-12
  1.6912921724E-01,  3.5774305314E+00,  1.4866044614E+00, -6.6986311661E-12
  1.7456756459E-01,  3.5693570317E+00,  1.4824989442E+00, -6.6698068622E-12
  1.8001533656E-01,  3.5612918778E+00,  1.4784040053E+00, -6.6411178955E-12
  1.8547254643E-01,  3.5532350697E+00,  1.4743196129E+00, -6.6125635527E-12
  1.9093920756E-01,  3.5451866073E+00,  1.4702457352E+00, -6.5841431244E-12
  1.9641533329E-01,  3.5371464908E+00,  1.4661823404E+00, -6.5558559057E-12
  2.0190093700E-01,  3.5291147200E+00,  1.4621293970E+00, -6.5277011954E-12
  2.0739603212E-01,  3.5210912950E+00,  1.4580868734E+00, -6.4996782965E-12
  2.1290063208E-01,  3.5130762158E+00,  1.4540547384E+00, -6.4717865161E-12
  2.1841475034E-01,  3.5050694823E+00,  1.4500329608E+00, -6.4440251652E-12
  2.2393840039E-01,  3.4970710946E+00,  1.4460215093E+00, -6.4163935590E-12
  2.2947159575E-01,  3.4890810528E+00,  1.4420203529E+00, -6.3888910163E-12
  2.3501434997E-01,  3.4810993567E+00,  1.4380294609E+00, -6.3615168602E-12
  2.4056667662E-01,  3.4731260063E+00,  1.4340488023E+00, -6.3342704174E-12
  2.4612858930E-01,  3.4651610018E+00,  1.4300783466E+00, -6.3071510188E-12
  2.5170010164E-01,  3.4572043430E+00,  1.4261180631E+00, -6.2801579988E-12
  2.5728122728E-01,  3.4492560301E+00,  1.4221679214E+00, -6.2532906961E-12
  2.6287197991E-01,  3.4413160629E+00,  1.4182278912E+00, -6.2265484527E-12
  2.6847237323E-01,  3.4333844415E+00,  1.4142979423E+00, -6.1999306148E-12
  2.7408242100E-01,  3.4254611658E+00,  1.4103780444E+00, -6.1734365321E-12
  2.7970213696E-01,  3.4175462360E+00,  1.4064681678E+00, -6.1470655582E-12
  2.8533153491E-01,  3.4096396519E+00,  1.4025682823E+00, -6.1208170503E-12
  2.9097062867E-01,  3.4017414136E+00,  1.3986783583E+00, -6.0946903696E-12
  2.9661943209E-01,  3.3938515211E+00,  1.3947983660E+00, -6.0686848805E-12
  3.0227795905E-01,  3.3859699744E+00,  1.3909282760E+00, -6.0427999513E-12
  3.0794622344E-01,  3.3780967734E+00,  1.3870680587E+00, -6.0170349541E-12
  3.1362423921E-01,  3.3702319182E+00,  1.3832176847E+00, -5.9913892643E-12
  3.1931202032E-01,  3.3623754088E+00,  1.3793771249E+00, -5.9658622610E-12
  3.2500958075E-01,  3.3545272452E+00,  1.3755463501E+00, -5.9404533270E-12
  3.3071693452E-01,  3.3466874274E+00,  1.3717253312E+00, -5.9151618484E-12
  3.3643409568E-01,  3.3388559554E+00,  1.3679140393E+00, -5.8899872150E-12
  3.4216107832E-01,  3.3310328291E+00,  1.3641124457E+00, -5.8649288199E-12
  3.4789789652E-01,  3.3232180486E+00,  1.3603205215E+00, -5.8399860600E-12
  3.5364456444E-01,  3.3154116139E+00,  1.3565382381E+00, -5.8151583353E-12
  3.5940109624E-01,  3.3076135250E+00,  1.3527655671E+00, -5.7904450494E-12
  3.6516750610E-01,  3.2998237818E+00,  1.3490024801E+00, -5.7658456094E-12
  3.7094380826E-01,  3.2920423845E+00,  1.3452489487E+00, -5.7413594257E-12
  3.7673001696E-01,  3.2842693329E+00,  1.3415049447E+00, -5.7169859119E-12
  3.8252614649E-01,  3.2765046271E+00,  1.3377704400E+00, -5.6927244852E-12
  3.8833221116E-01,  3.2687482671E+00,  1.3340454066E+00, -5.6685745660E-12
  3.9414822531E-01,  3.2610002528E+00,  1.3303298167E+00, -5.6445355781E-12
  3.9997420333E-01,  3.2532605844E+00,  1.3266236424E+00, -5.6206069485E-12
  4.0581015960E-01,  3.2455292617E+00,  1.3229268561E+00, -5.5967881075E-12
  4.1165610857E-01,  3.2378062848E+00,  1.3192394301E+00, -5.5730784885E-12
  4.1751206470E-01,  3.2300916537E+00,  1.3155613369E+00, -5.5494775285E-12
  4.2337804248E-01,  3.2223853684E+00,  1.3118925492E+00, -5.5259846673E-12
  4.2925405644E-01,  3.2146874288E+00,  1.3082330397E+00, -5.5025993481E-12
  4.3514012114E-01,  3.2069978350E+00,  1.3045827811E+00, -5.4793210172E-12
  4.4103625116E-01,  3.1993165870E+00,  1.3009417464E+00, -5.4561491241E-12
  4.4694246112E-01,  3.1916436848E+00,  1.2973099085E+00, -5.4330831214E-12
  4.5285876567E-01,  3.1839791284E+00,  1.2936872405E+00, -5.4101224648E-12
  4.5878517949E-01,  3.1763229177E+00,  1.2900737157E+00, -5.3872666131E-12
  4.6472171729E-01,  3.1686750529E+00,  1.2864693074E+00, -5.3645150282E-12
  4.7066839383E-01,  3.1610355338E+00,  1.2828739888E+00, -5.3418671749E-12
  4.7662522386E-01,  3.1534043605E+00,  1.2792877336E+00, -5.3193225213E-12
  4.8259222221E-01,  3.1457815329E+00,  1.2757105152E+00, -5.2968805382E-12
  4.8856940371E-01,  3.1381670512E+00,  1.2721423074E+00, -5.2745406997E-12
  4.9455678322E-01,  3.1305609152E+00,  1.2685830839E+00, -5.2523024827E-12
  5.0055437567E-01,  3.1229631250E+00,  1.2650328186E+00, -5.2301653671E-12
  5.0656219597E-01,  3.1153736806E+00,  1.2614914855E+00, -5.2081288357E-12
  5.1258025910E-01,  3.1077925820E+00,  1.2579590585E+00, -5.1861923744E-12
  5.1860858007E-01,  3.1002198292E+00,  1.2544355118E+00, -5.1643554717E-12
  5.2464717389E-01,  3.0926554221E+00,  1.2509208197E+00, -5.1426176193E-12
  5.3069605565E-01,  3.0850993608E+00,  1.2474149566E+00, -5.1209783115E-12
  5.3675524043E-01,  3.0775516453E+00,  1.2439178967E+00, -5.0994370457E-12
  5.4282474338E-01,  3.0700122756E+00,  1.2404296147E+00, -5.0779933219E-12
  5.4890457965E-01,  3.0624812517E+00,  1.2369500851E+00, -5.0566466432E-12
  5.5499476445E-01,  3.0549585735E+00,  1.2334792826E+00, -5.0353965152E-12
  5.6109531301E-01,  3.0474442411E+00,  1.2300171821E+00, -5.0142424465E-12
  5.6720624059E-01,  3.0399382545E+00,  1.2265637583E+00, -4.9931839483E-12
  5.7332756250E-01,  3.0324406137E+00,  1.2231189864E+00, -4.9722205347E-12
  5.7945929407E-01,  3.0249513187E+00,  1.2196828412E+00, -4.9513517225E-12
  5.8560145065E-01,  3.0174703694E+00,  1.2162552981E+00, -4.9305770312E-12
  5.9175404767E-01,  3.0099977660E+00,  1.2128363321E+00, -4.9098959829E-12
  5.9791710055E-01,  3.0025335083E+00,  1.2094259187E+00, -4.8893081025E-12
  6.0409062476E-01,  2.9950775964E+00,  1.2060240333E+00, -4.8688129176E-12
  6.1027463581E-01,  2.9876300302E+00,  1.2026306512E+00, -4.8484099583E-12
  6.1646914923E-01,  2.9801908099E+00,  1.1992457483E+00, -4.8280987575E-12
  6.2267418061E-01,  2.9727599353E+00,  1.1958693000E+00, -4.8078788507E-12
  6.2888974555E-01,  2.9653374065E+00,  1.1925012823E+00, -4.7877497758E-12
  6.3511585969E-01,  2.9579232235E+00,  1.1891416708E+00, -4.7677110736E-12
  6.4135253871E-01,  2.9505173863E+00,  1.1857904417E+00, -4.7477622872E-12
  6.4759979834E-01,  2.9431198948E+00,  1.1824475708E+00, -4.7279029624E-12
  6.5385765431E-01,  2.9357307492E+00,  1.1791130343E+00, -4.7081326474E-12
  6.6012612241E-01,  2.9283499493E+00,  1.1757868084E+00, -4.6884508933E-12
  6.6640521848E-01,  2.9209774952E+00,  1.1724688694E+00, -4.6688572532E-12
  6.7269495835E-01,  2.9136133869E+00,  1.1691591937E+00, -4.6493512831E-12
  6.7899535794E-01,  2.9062576243E+00,  1.1658577576E+00, -4.6299325411E-12
  6.8530643316E-01,  2.8989102076E+00,  1.1625645377E+00, -4.6106005883E-12
  6.9162819998E-01,  2.8915711366E+00,  1.1592795107E+00, -4.5913549876E-12
  6.9796067441E-01,  2.8842404114E+00,  1.1560026532E+00, -4.5721953050E-12
  7.0430387248E-01,  2.8769180320E+00,  1.1527339420E+00, -4.5531211083E-12
  7.1065781027E-01,  2.8696039983E+00,  1.1494733540E+00, -4.5341319682E-12
  7.1702250389E-01,  2.8622983105E+00,  1.1462208662E+00, -4.5152274574E-12
  7.2339796949E-01,  2.8550009684E+00,  1.1429764554E+00, -4.4964071514E-12
  7.2978422327E-01,  2.8477119721E+00,  1.1397400990E+00, -4.4776706276E-12
  7.3618128143E-01,  2.8404313216E+00,  1.1365117740E+00, -4.4590174662E-12
  7.4258916025E-01,  2.8331590169E+00,  1.1332914578E+00, -4.4404472493E-12
  7.4900787603E-01,  2.8258950579E+00,  1.1300791276E+00, -4.4219595617E-12
  7.5543744509E-01,  2.8186394447E+00,  1.1268747610E+00, -4.4035539902E-12
  7.6187788382E-01,  2.8113921773E+00,  1.1236783354E+00, -4.3852301241E-12
  7.6832920863E-01,  2.8041532557E+00,  1.1204898285E+00, -4.3669875549E-12
  7.7479143596E-01,  2.7969226799E+00,  1.1173092178E+00, -4.3488258765E-12
  7.8126458232E-01,  2.7897004498E+00,  1.1141364812E+00, -4.3307446847E-12
  7.8774866422E-01,  2.7824865656E+00,  1.1109715966E+00, -4.3127435779E-12
  7.9424369823E-01,  2.7752810271E+00,  1.1078145417E+00, -4.2948221566E-12
  8.0074970097E-01,  2.7680838344E+00,  1.1046652946E+00, -4.2769800234E-12
  8.0726668907E-01,  2.7608949875E+00,  1.1015238334E+00, -4.2592167833E-12
  8.1379467921E-01,  2.7537144863E+00,  1.0983901362E+00, -4.2415320434E-12
  8.2033368812E-01,  2.7465423309E+00,  1.0952641813E+00, -4.2239254129E-12
  8.2688373257E-01,  2.7393785214E+00,  1.0921459468E+00, -4.2063965032E-12
  8.3344482934E-01,  2.7322230576E+00,  1.0890354113E+00, -4.1889449279E-12
  8.4001699530E-01,  2.7250759395E+00,  1.0859325532E+00, -4.1715703027E-12
  8.4660024731E-01,  2.7179371673E+00,  1.0828373509E+00, -4.1542722453E-12
  8.5319460229E-01,  2.7108067408E+00,  1.0797497832E+00, -4.1370503758E-12
  8.5980007722E-01,  2.7036846602E+00,  1.0766698286E+00, -4.1199043162E-12
  8.6641668909E-01,  2.6965709253E+00,  1.0735974660E+00, -4.1028336904E-12
  8.7304445494E-01,  2.6894655361E+00,  1.0705326742E+00, -4.0858381248E-12
  8.7968339186E-01,  2.6823684928E+00,  1.0674754320E+00, -4.0689172476E-12
  8.8633351697E-01,  2.6752797952E+00,  1.0644257185E+00, -4.0520706889E-12
  8.9299484743E-01,  2.6681994435E+00,  1.0613835127E+00, -4.0352980811E-12
  8.9966740046E-01,  2.6611274375E+00,  1.0583487938E+00, -4.0185990586E-12
  9.0635119330E-01,  2.6540637773E+00,  1.0553215409E+00, -4.0019732577E-12
  9.1304624323E-01,  2.6470084628E+00,  1.0523017333E+00, -3.9854203167E-12
  9.1975256760E-01,  2.6399614942E+00,  1.0492893505E+00, -3.9689398760E-12
  9.2647018377E-01,  2.6329228713E+00,  1.0462843717E+00, -3.9525315778E-12
  9.3319910915E-01,  2.6258925942E+00,  1.0432867765E+00, -3.9361950663E-12
  9.3993936121E-01,  2.6188706629E+00,  1.0402965444E+00, -3.9199299879E-12
  9.4669095744E-01,  2.6118570774E+00,  1.0373136552E+00, -3.9037359906E-12
  9.5345391538E-01,  2.6048518376E+00,  1.0343380884E+00, -3.8876127245E-12
  9.6022825262E-01,  2.5978549436E+00,  1.0313698240E+00, -3.8715598417E-12
  9.6701398678E-01,  2.5908663955E+00,  1.0284088416E+00, -3.8555769959E-12
  9.7381113554E-01,  2.5838861931E+00,  1.0254551214E+00, -3.8396638430E-12
  9.8061971661E-01,  2.5769143364E+00,  1.0225086432E+00, -3.8238200406E-12
  9.8743974774E-01,  2.5699508256E+00,  1.0195693871E+00, -3.8080452483E-12
  9.9427124673E-01,  2.5629956605E+00,  1.0166373333E+00, -3.7923391275E-12
  1.0011142314E+00,  2.5560488412E+00,  1.0137124620E+00, -3.7767013414E-12
  1.0079687197E+00,  2.5491103677E+00,  1.0107947534E+00, -3.7611315551E-12
  1.0148347295E+00,  2.5421802400E+00,  1.0078841878E+00, -3.7456294356E-12
  1.0217122789E+00,  2.5352584581E+00,  1.0049807458E+00, -3.7301946514E-12
  1.0286013857E+00,  2.5283450219E+00,  1.0020844077E+00, -3.7148268733E-12
  1.0355020681E+00,  2.5214399315E+00,  9.9919515420E-01, -3.6995257734E-12
  1.0424143443E+00,  2.5145431869E+00,  9.9631296580E-01, -3.6842910259E-12
  1.0493382322E+00,  2.5076547881E+00,  9.9343782322E-01, -3.6691223067E-12
  1.0562737503E+00,  2.5007747351E+00,  9.9056970722E-01, -3.6540192935E-12
  1.0632209166E+00,  2.4939030278E+00,  9.8770859862E-01, -3.6389816656E-12
  1.0701797495E+00,  2.4870396663E+00,  9.8485447830E-01, -3.6240091041E-12
  1.0771502673E+00,  2.4801846507E+00,  9.8200732722E-01, -3.6091012920E-12
  1.0841324884E+00,  2.4733379807E+00,  9.7916712640E-01, -3.5942579138E-12
  1.0911264313E+00,  2.4664996566E+00,  9.7633385693E-01, -3.5794786558E-12
  1.0981321143E+00,  2.4596696783E+00,  9.7350749996E-01, -3.5647632061E-12
  1.1051495561E+00,  2.4528480457E+00,  9.7068803670E-01, -3.5501112544E-12
  1.1121787751E+00,  2.4460347589E+00,  9.6787544846E-01, -3.5355224920E-12
  1.1192197901E+00,  2.4392298179E+00,  9.6506971656E-01, -3.5209966119E-12
  1.1262726196E+00,  2.4324332227E+00,  9.6227082244E-01, -3.5065333089E-12
  1.1333372824E+00,  2.4256449732E+00,  9.5947874756E-01, -3.4921322794E-12
  1.1404137972E+00,  2.4188650695E+00,  9.5669347348E-01, -3.4777932213E-12
  1.1475021828E+00,  2.4120935116E+00,  9.5391498180E-01, -3.4635158344E-12
  1.1546024581E+00,  2.4053302995E+00,  9.5114325419E-01, -3.4492998198E-12
  1.1617146420E+00,  2.3985754332E+00,  9.4837827240E-01, -3.4351448804E-12
  1.1688387534E+00,  2.3918289127E+00,  9.4562001822E-01, -3.4210507208E-12
  1.1759748113E+00,  2.3850907379E+00,  9.4286847352E-01, -3.4070170470E-12
  1.1831228347E+00,  2.3783609089E+00,  9.4012362022E-01, -3.3930435667E-12
  1.1902828428E+00,  2.3716394257E+00,  9.3738544032E-01, -3.3791299890E-12
  1.1974548547E+00,  2.3649262883E+00,  9.3465391586E-01, -3.3652760249E-12
  1.2046388895E+00,  2.3582214967E+00,  9.3192902896E-01, -3.3514813866E-12
  1.2118349666E+00,  2.3515250508E+00,  9.2921076180E-01, -3.3377457881E-12
  1.2190431051E+00,  2.3448369507E+00,  9.2649909662E-01, -3.3240689448E-12
  1.2262633245E+00,  2.3381571964E+00,  9.2379401572E-01, -3.3104505738E-12
  1.2334956441E+00,  2.3314857879E+00,  9.2109550146E-01, -3.2968903935E-12
  1.2407400834E+00,  2.3248227252E+00,  9.1840353626E-01, -3.2833881239E-12
  1.2479966618E+00,  2.3181680082E+00,  9.1571810261E-01, -3.2699434866E-12
  1.2552653989E+00,  2.3115216370E+00,  9.1303918305E-01, -3.2565562045E-12
  1.2625463142E+00,  2.3048836116E+00,  9.1036676019E-01, -3.2432260022E-12
  1.2698394275E+00,  2.2982539320E+00,  9.0770081670E-01, -3.2299526057E-12
  1.2771447583E+00,  2.2916325982E+00,  9.0504133530E-01, -3.2167357424E-12
  1.2844623265E+00,  2.2850196101E+00,  9.0238829877E-01, -3.2035751412E-12
  1.2917921519E+00,  2.2784149679E+00,  8.9974168997E-01, -3.1904705325E-12
  1.2991342542E+00,  2.2718186714E+00,  8.9710149180E-01, -3.1774216481E-12
  1.3064886533E+00,  2.2652307207E+00,  8.9446768721E-01, -3.1644282212E-12
  1.3138553693E+00,  2.2586511157E+00,  8.9184025925E-01, -3.1514899865E-12
  1.3212344221E+00,  2.2520798566E+00,  8.8921919098E-01, -3.1386066801E-12
  1.3286258318E+00,  2.2455169432E+00,  8.8660446554E-01, -3.1257780394E-12
  1.3360296185E+00,  2.2389623756E+00,  8.8399606615E-01, -3.1130038035E-12
  1.3434458023E+00,  2.2324161538E+00,  8.8139397604E-01, -3.1002837125E-12
  1.3508744034E+00,  2.2258782778E+00,  8.7879817854E-01, -3.0876175082E-12
  1.3583154422E+00,  2.2193487476E+00,  8.7620865702E-01, -3.0750049336E-12
  1.3657689388E+00,  2.2128275631E+00,  8.7362539491E-01, -3.0624457331E-12
  1.3732349138E+00,  2.2063147244E+00,  8.7104837569E-01, -3.0499396526E-12
  1.3807133875E+00,  2.1998102315E+00,  8.6847758292E-01, -3.0374864392E-12
  1.3882043805E+00,  2.1933140844E+00,  8.6591300018E-01, -3.0250858413E-12
  1.3957079131E+00,  2.1868262831E+00,  8.6335461113E-01, -3.0127376089E-12
  1.4032240061E+00,  2.1803468275E+00,  8.6080239950E-01, -3.0004414930E-12
  1.4107526801E+00,  2.1738757177E+00,  8.5825634904E-01, -2.9881972462E-12
  1.4182939557E+00,  2.1674129537E+00,  8.5571644358E-01, -2.9760046222E-12
  1.4258478538E+00,  2.1609585355E+00,  8.5318266701E-01, -2.9638633762E-12
  1.4334143951E+00,  2.1545124631E+00,  8.5065500326E-01, -2.9517732645E-12
  1.4409936006E+00,  2.1480747364E+00,  8.4813343633E-01, -2.9397340450E-12
  1.4485854910E+00,  2.1416453555E+00,  8.4561795025E-01, -2.9277454764E-12
  1.4561900875E+00,  2.1352243205E+00,  8.4310852913E-01, -2.9158073192E-12
  1.4638074110E+00,  2.1288116311E+00,  8.4060515713E-01, -2.9039193349E-12
  1.4714374827E+00,  2.1224072876E+00,  8.3810781845E-01, -2.8920812862E-12
  1.4790803236E+00,  2.1160112899E+00,  8.3561649737E-01, -2.8802929372E-12
  1.4867359550E+00,  2.1096236379E+00,  8.3313117819E-01, -2.8685540533E-12
  1.4944043982E+00,  2.1032443317E+00,  8.3065184530E-01, -2.8568644009E-12
  1.5020856744E+00,  2.0968733713E+00,  8.2817848312E-01, -2.8452237479E-12
  1.5097798051E+00,  2.0905107567E+00,  8.2571107613E-01, -2.8336318632E-12
  1.5174868117E+00,  2.0841564878E+00,  8.2324960886E-01, -2.8220885170E-12
  1.5252067156E+00,  2.0778105647E+00,  8.2079406590E-01, -2.8105934809E-12
  1.5329395385E+00,  2.0714729875E+00,  8.1834443188E-01, -2.7991465275E-12
  1.5406853020E+00,  2.0651437560E+00,  8.1590069150E-01, -2.7877474306E-12
  1.5484440276E+00,  2.0588228702E+00,  8.1346282951E-01, -2.7763959653E-12
  1.5562157372E+00,  2.0525103303E+00,  8.1103083069E-01, -2.7650919077E-12
  1.5640004526E+00,  2.0462061361E+00,  8.0860467990E-01, -2.7538350353E-12
  1.5717981955E+00,  2.0399102877E+00,  8.0618436203E-01, -2.7426251267E-12
  1.5796089879E+00,  2.0336227851E+00,  8.0376986204E-01, -2.7314619616E-12
  1.5874328518E+00,  2.0273436283E+00,  8.0136116492E-01, -2.7203453209E-12
  1.5952698092E+00,  2.0210728173E+00,  7.9895825574E-01, -2.7092749866E-12
  1.6031198822E+00,  2.0148103520E+00,  7.9656111961E-01, -2.6982507421E-12
  1.6109830929E+00,  2.0085562325E+00,  7.9416974166E-01, -2.6872723715E-12
  1.6188594636E+00,  2.0023104588E+00,  7.9178410712E-01, -2.6763396604E-12
  1.6267490165E+00,  1.9960730309E+00,  7.8940420123E-01, -2.6654523953E-12
  1.6346517740E+00,  1.9898439488E+00,  7.8703000932E-01, -2.6546103641E-12
  1.6425677585E+00,  1.9836232124E+00,  7.8466151672E-01, -2.6438133555E-12
  1.6504969924E+00,  1.9774108219E+00,  7.8229870886E-01, -2.6330611594E-12
  1.6584394982E+00,  1.9712067771E+00,  7.7994157118E-01, -2.6223535669E-12
  1.6663952986E+00,  1.9650110781E+00,  7.7759008920E-01, -2.6116903702E-12
  1.6743644162E+00,  1.9588237248E+00,  7.7524424848E-01, -2.6010713624E-12
  1.6823468736E+00,  1.9526447174E+00,  7.7290403461E-01, -2.5904963378E-12
  1.6903426938E+00,  1.9464740557E+00,  7.7056943325E-01, -2.5799650919E-12
  1.6983518994E+00,  1.9403117398E+00,  7.6824043010E-01, -2.5694774210E-12
  1.7063745135E+00,  1.9341577697E+00,  7.6591701092E-01, -2.5590331227E-12
  1.7144105590E+00,  1.9280121454E+00,  7.6359916151E-01, -2.5486319956E-12
  1.7224600590E+00,  1.9218748668E+00,  7.6128686771E-01, -2.5382738392E-12
  1.7305230364E+00,  1.9157459341E+00,  7.5898011542E-01, -2.5279584543E-12
  1.7385995145E+00,  1.9096253471E+00,  7.5667889059E-01, -2.5176856425E-12
  1.7466895166E+00,  1.9035131059E+00,  7.5438317921E-01, -2.5074552067E-12
  1.7547930659E+00,  1.8974092105E+00,  7.5209296731E-01, -2.4972669504E-12
  1.7629101857E+00,  1.8913136608E+00,  7.4980824099E-01, -2.4871206786E-12
  1.7710408996E+00,  1.8852264570E+00,  7.4752898637E-01, -2.4770161971E-12
  1.7791852309E+00,  1.8791475989E+00,  7.4525518965E-01, -2.4669533126E-12
  1.7873432034E+00,  1.8730770866E+00,  7.4298683704E-01, -2.4569318330E-12
  1.7955148405E+00,  1.8670149200E+00,  7.4072391483E-01, -2.4469515671E-12
  1.8037001659E+00,  1.8609610993E+00,  7.3846640933E-01, -2.4370123248E-12
  1.8118992036E+00,  1.8549156244E+00,  7.3621430691E-01, -2.4271139167E-12
  1.8201119772E+00,  1.8488784952E+00,  7.3396759399E-01, -2.4172561547E-12
  1.8283385107E+00,  1.8428497118E+00,  7.3172625703E-01, -2.4074388516E-12
  1.8365788280E+00,  1.8368292742E+00,  7.2949028252E-01, -2.3976618211E-12
  1.8448329532E+00,  1.8308171823E+00,  7.2725965702E-01, -2.3879248779E-12
  1.8531009104E+00,  1.8248134363E+00,  7.2503436714E-01, -2.3782278376E-12
  1.8613827238E+00,  1.8188180360E+00,  7.2281439950E-01, -2.3685705169E-12
  1.8696784175E+00,  1.8128309815E+00,  7.2059974080E-01, -2.3589527333E-12
  1.8779880160E+00,  1.8068522728E+00,  7.1839037777E-01, -2.3493743053E-12
  1.8863115436E+00,  1.8008819099E+00,  7.1618629719E-01, -2.3398350524E-12
  1.8946490248E+00,  1.7949198927E+00,  7.1398748587E-01, -2.3303347950E-12
  1.9030004841E+00,  1.7889662213E+00,  7.1179393069E-01, -2.3208733543E-12
  1.9113659460E+00,  1.7830208958E+00,  7.0960561855E-01, -2.3114505525E-12
  1.9197454353E+00,  1.7770839159E+00,  7.0742253641E-01, -2.3020662129E-12
  1.9281389767E+00,  1.7711552819E+00,  7.0524467127E-01, -2.2927201595E-12
  1.9365465950E+00,  1.7652349937E+00,  7.0307201016E-01, -2.2834122172E-12
  1.9449683151E+00,  1.7593230512E+00,  7.0090454018E-01, -2.2741422119E-12
  1.9534041620E+00,  1.7534194545E+00,  6.9874224845E-01, -2.2649099705E-12
  1.9618541607E+00,  1.7475242036E+00,  6.9658512214E-01, -2.2557153204E-12
  1.9703183362E+00,  1.7416372985E+00,  6.9443314848E-01, -2.2465580904E-12
  1.9787967138E+00,  1.7357587392E+00,  6.9228631472E-01, -2.2374381098E-12
  1.9872893188E+00,  1.7298885256E+00,  6.9014460816E-01, -2.2283552089E-12
  1.9957961764E+00,  1.7240266578E+00,  6.8800801614E-01, -2.2193092189E-12
  2.0043173121E+00,  1.7181731358E+00,  6.8587652606E-01, -2.2102999719E-12
  2.0128527512E+00,  1.7123279596E+00,  6.8375012534E-01, -2.2013273007E-12
  2.0214025195E+00,  1.7064911292E+00,  6.8162880145E-01, -2.1923910391E-12
  2.0299666425E+00,  1.7006626445E+00,  6.7951254191E-01, -2.1834910218E-12
  2.0385451459E+00,  1.6948425056E+00,  6.7740133426E-01, -2.1746270842E-12
  2.0471380555E+00,  1.6890307125E+00,  6.7529516612E-01, -2.1657990626E-12
  2.0557453971E+00,  1.6832272652E+00,  6.7319402512E-01, -2.1570067942E-12
  2.0643671967E+00,  1.6774321637E+00,  6.7109789893E-01, -2.1482501169E-12
  2.0730034803E+00,  1.6716454079E+00,  6.6900677528E-01, -2.1395288696E-12
  2.0816542739E+00,  1.6658669979E+00,  6.6692064194E-01, -2.1308428919E-12
  2.0903196038E+00,  1.6600969338E+00,  6.6483948669E-01, -2.1221920243E-12
  2.0989994962E+00,  1.6543352153E+00,  6.6276329740E-01, -2.1135761080E-12
  2.1076939774E+00,  1.6485818427E+00,  6.6069206194E-01, -2.1049949852E-12
  2.1164030738E+00,  1.6428368159E+00,  6.5862576824E-01, -2.0964484986E-12
  2.1251268118E+00,  1.6371001348E+00,  6.5656440427E-01, -2.0879364921E-12
  2.1338652182E+00,  1.6313717995E+00,  6.5450795803E-01, -2.0794588101E-12
  2.1426183194E+00,  1.6256518100E+00,  6.5245641756E-01, -2.0710152979E-12
  2.1513861422E+00,  1.6199401663E+00,  6.5040977096E-01, -2.0626058016E-12
  2.1601687134E+00,  1.6142368683E+00,  6.4836800635E-01, -2.0542301680E-12
  2.1689660598E+00,  1.6085419162E+00,  6.4633111190E-01, -2.0458882448E-12
  2.1777782086E+00,  1.6028553098E+00,  6.4429907580E-01, -2.0375798803E-12
  2.1866051866E+00,  1.5971770492E+00,  6.4227188631E-01, -2.0293049238E-12
  2.1954470210E+00,  1.5915071343E+00,  6.4024953171E-01, -2.0210632253E-12
  2.2043037391E+00,  1.5858455653E+00,  6.3823200033E-01, -2.0128546354E-12
  2.2131753680E+00,  1.5801923420E+00,  6.3621928051E-01, -2.0046790056E-12
  2.2220619353E+00,  1.5745474646E+00,  6.3421136067E-01, -1.9965361882E-12
  2.2309634682E+00,  1.5689109329E+00,  6.3220822924E-01, -1.9884260360E-12
  2.2398799945E+00,  1.5632827469E+00,  6.3020987470E-01, -1.9803484030E-12
  2.2488115417E+00,  1.5576629068E+00,  6.2821628557E-01, -1.9723031435E-12
  2.2577581374E+00,  1.5520514124E+00,  6.2622745040E-01, -1.9642901127E-12
  2.2667198096E+00,  1.5464482639E+00,  6.2424335779E-01, -1.9563091666E-12
  2.2756965861E+00,  1.5408534611E+00,  6.2226399635E-01, -1.9483601618E-12
  2.2846884949E+00,  1.5352670041E+00,  6.2028935477E-01, -1.9404429557E-12
  2.2936955639E+00,  1.5296888928E+00,  6.1831942175E-01, -1.9325574066E-12
  2.3027178214E+00,  1.5241191274E+00,  6.1635418602E-01, -1.9247033731E-12
  2.3117552955E+00,  1.5185577077E+00,  6.1439363638E-01, -1.9168807148E-12
  2.3208080146E+00,  1.5130046338E+00,  6.1243776163E-01, -1.9090892921E-12
  2.3298760071E+00,  1.5074599057E+00,  6.1048655064E-01, -1.9013289659E-12
  2.3389593015E+00,  1.5019235234E+00,  6.0853999229E-01, -1.8935995977E-12
  2.3480579263E+00,  1.4963954868E+00,  6.0659807552E-01, -1.8859010501E-12
  2.3571719102E+00,  1.4908757960E+00,  6.0466078929E-01, -1.8782331861E-12
  2.3663012819E+00,  1.4853644511E+00,  6.0272812260E-01, -1.8705958693E-12
  2.3754460704E+00,  1.4798614519E+00,  6.0080006449E-01, -1.8629889644E-12
  2.3846063044E+00,  1.4743667984E+00,  5.9887660403E-01, -1.8554123363E-12
  2.3937820131E+00,  1.4688804908E+00,  5.9695773034E-01, -1.8478658508E-12
  2.4029732256E+00,  1.4634025289E+00,  5.9504343257E-01, -1.8403493746E-12
  2.4121799710E+00,  1.4579329128E+00,  5.9313369989E-01, -1.8328627746E-12
  2.4214022787E+00,  1.4524716425E+00,  5.9122852152E-01, -1.8254059188E-12
  2.4306401780E+00,  1.4470187180E+00,  5.8932788673E-01, -1.8179786755E-12
  2.4398936984E+00,  1.4415741393E+00,  5.8743178479E-01, -1.8105809140E-12
  2.4491628695E+00,  1.4361379063E+00,  5.8554020504E-01, -1.8032125040E-12
  2.4584477210E+00,  1.4307100191E+00,  5.8365313684E-01, -1.7958733160E-12
  2.4677482826E+00,  1.4252904777E+00,  5.8177056957E-01, -1.7885632211E-12
  2.4770645841E+00,  1.4198792821E+00,  5.7989249268E-01, -1.7812820911E-12
  2.4863966556E+00,  1.4144764323E+00,  5.7801889563E-01, -1.7740297982E-12
  2.4957445270E+00,  1.4090819282E+00,  5.7614976791E-01, -1.7668062157E-12
  2.5051082285E+00,  1.4036957699E+00,  5.7428509907E-01, -1.7596112170E-12
  2.5144877903E+00,  1.3983179574E+00,  5.7242487866E-01, -1.7524446766E-12
  2.5238832428E+00,  1.3929484907E+00,  5.7056909631E-01, -1.7453064693E-12
  2.5332946163E+00,  1.3875873698E+00,  5.6871774164E-01, -1.7381964708E-12
  2.5427219414E+00,  1.3822345946E+00,  5.6687080432E-01, -1.7311145571E-12
  2.5521652487E+00,  1.3768901653E+00,  5.6502827407E-01, -1.7240606051E-12
  2.5616245689E+00,  1.3715540817E+00,  5.6319014063E-01, -1.7170344922E-12
  2.5710999329E+00,  1.3662263439E+00,  5.6135639376E-01, -1.7100360965E-12
  2.5805913715E+00,  1.3609069518E+00,  5.5952702327E-01, -1.7030652964E-12
  2.5900989158E+00,  1.3555959056E+00,  5.5770201901E-01, -1.6961219713E-12
  2.5996225968E+00,  1.3502932051E+00,  5.5588137085E-01, -1.6892060011E-12
  2.6091624458E+00,  1.3449988504E+00,  5.5406506871E-01, -1.6823172661E-12
  2.6187184941E+00,  1.3397128415E+00,  5.5225310251E-01, -1.6754556474E-12
  2.6282907731E+00,  1.3344351784E+00,  5.5044546223E-01, -1.6686210266E-12
  2.6378793143E+00,  1.3291658611E+00,  5.4864213788E-01, -1.6618132859E-12
  2.6474841493E+00,  1.3239048895E+00,  5.4684311951E-01, -1.6550323082E-12
  2.6571053098E+00,  1.3186522637E+00,  5.4504839718E-01, -1.6482779767E-12
  2.6667428278E+00,  1.3134079837E+00,  5.4325796099E-01, -1.6415501756E-12
  2.6763967350E+00,  1.3081720495E+00,  5.4147180109E-01, -1.6348487892E-12
  2.6860670635E+00,  1.3029444610E+00,  5.3968990765E-01, -1.6281737028E-12
  2.6957538454E+00,  1.2977252184E+00,  5.3791227086E-01, -1.6215248019E-12
  2.7054571130E+00,  1.2925143215E+00,  5.3613888096E-01, -1.6149019729E-12
  2.7151768986E+00,  1.2873117704E+00,  5.3436972822E-01, -1.6083051026E-12
  2.7249132347E+00,  1.2821175651E+00,  5.3260480294E-01, -1.6017340783E-12
  2.7346661538E+00,  1.2769317056E+00,  5.3084409544E-01, -1.5951887880E-12
  2.7444356885E+00,  1.2717541918E+00,  5.2908759608E-01, -1.5886691201E-12
  2.7542218717E+00,  1.2665850238E+00,  5.2733529527E-01, -1.5821749638E-12
  2.7640247362E+00,  1.2614242016E+00,  5.2558718341E-01, -1.5757062085E-12
  2.7738443149E+00,  1.2562717252E+00,  5.2384325098E-01, -1.5692627444E-12
  2.7836806410E+00,  1.2511275946E+00,  5.2210348845E-01, -1.5628444622E-12
  2.7935337477E+00,  1.2459918097E+00,  5.2036788635E-01, -1.5564512532E-12
  2.8034036682E+00,  1.2408643707E+00,  5.1863643522E-01, -1.5500830090E-12
  2.8132904360E+00,  1.2357452774E+00,  5.1690912563E-01, -1.5437396219E-12
  2.8231940846E+00,  1.2306345299E+00,  5.1518594822E-01, -1.5374209848E-12
  2.8331146477E+00,  1.2255321281E+00,  5.1346689360E-01, -1.5311269911E-12
  2.8430521590E+00,  1.2204380722E+00,  5.1175195246E-01, -1.5248575345E-12
  2.8530066523E+00,  1.2153523620E+00,  5.1004111549E-01, -1.5186125095E-12
  2.8629781616E+00,  1.2102749976E+00,  5.0833437344E-01, -1.5123918111E-12
  2.8729667210E+00,  1.2052059790E+00,  5.0663171705E-01, -1.5061953346E-12
  2.8829723647E+00,  1.2001453062E+00,  5.0493313713E-01, -1.5000229759E-12
  2.8929951271E+00,  1.1950929791E+00,  5.0323862450E-01, -1.4938746316E-12
  2.9030350425E+00,  1.1900489979E+00,  5.0154817001E-01, -1.4877501987E-12
  2.9130921455E+00,  1.1850133624E+00,  4.9986176453E-01, -1.4816495745E-12
  2.9231664707E+00,  1.1799860727E+00,  4.9817939899E-01, -1.4755726571E-12
  2.9332580530E+00,  1.1749671288E+00,  4.9650106432E-01, -1.4695193450E-12
  2.9433669271E+00,  1.1699565306E+00,  4.9482675150E-01, -1.4634895371E-12
  2.9534931282E+00,  1.1649542783E+00,  4.9315645152E-01, -1.4574831329E-12
  2.9636366913E+00,  1.1599603717E+00,  4.9149015542E-01, -1.4515000323E-12
  2.9737976517E+00,  1.1549748109E+00,  4.8982785425E-01, -1.4455401359E-12
  2.9839760448E+00,  1.1499975959E+00,  4.8816953911E-01, -1.4396033446E-12
  2.9941719060E+00,  1.1450287266E+00,  4.8651520109E-01, -1.4336895598E-12
  3.0043852709E+00,  1.1400682032E+00,  4.8486483137E-01, -1.4277986833E-12
  3.0146161753E+00,  1.1351160255E+00,  4.8321842109E-01, -1.4219306177E-12
  3.0248646549E+00,  1.1301721936E+00,  4.8157596148E-01, -1.4160852658E-12
  3.0351307459E+00,  1.1252367075E+00,  4.7993744376E-01, -1.4102625308E-12
  3.0454144841E+00,  1.1203095672E+00,  4.7830285918E-01, -1.4044623167E-12
  3.0557159060E+00,  1.1153907726E+00,  4.7667219905E-01, -1.3986845277E-12
  3.0660350477E+00,  1.1104803238E+00,  4.7504545467E-01, -1.3929290686E-12
  3.0763719458E+00,  1.1055782209E+00,  4.7342261739E-01, -1.3871958445E-12
  3.0867266368E+00,  1.1006844636E+00,  4.7180367857E-01, -1.3814847612E-12
  3.0970991574E+00,  1.0957990522E+00,  4.7018862963E-01, -1.3757957248E-12
  3.1074895445E+00,  1.0909219866E+00,  4.6857746199E-01, -1.3701286419E-12
  3.1178978350E+00,  1.0860532667E+00,  4.6697016710E-01, -1.3644834195E-12
  3.1283240660E+00,  1.0811928926E+00,  4.6536673645E-01, -1.3588599652E-12
  3.1387682748E+00,  1.0763408643E+00,  4.6376716155E-01, -1.3532581869E-12
  3.1492304986E+00,  1.0714971818E+00,  4.6217143393E-01, -1.3476779929E-12
  3.1597107749E+00,  1.0666618450E+00,  4.6057954517E-01, -1.3421192922E-12
  3.1702091414E+00,  1.0618348541E+00,  4.5899148685E-01, -1.3365819941E-12
  3.1807256357E+00,  1.0570162089E+00,  4.5740725060E-01, -1.3310660082E-12
  3.1912602957E+00,  1.0522059095E+00,  4.5582682806E-01, -1.3255712447E-12
  3.2018131595E+00,  1.0474039559E+00,  4.5425021091E-01, -1.3200976142E-12
  3.2123842650E+00,  1.0426103480E+00,  4.5267739084E-01, -1.3146450278E-12
  3.2229736507E+00,  1.0378250860E+00,  4.5110835959E-01, -1.3092133970E-12
  3.2335813548E+00,  1.0330481697E+00,  4.4954310890E-01, -1.3038026335E-12
  3.2442074159E+00,  1.0282795992E+00,  4.4798163056E-01, -1.2984126498E-12
  3.2548518727E+00,  1.0235193745E+00,  4.4642391639E-01, -1.2930433586E-12
  3.2655147638E+00,  1.0187674955E+00,  4.4486995820E-01, -1.2876946731E-12
  3.2761961284E+00,  1.0140239624E+00,  4.4331974786E-01, -1.2823665068E-12
  3.2868960053E+00,  1.0092887750E+00,  4.4177327725E-01, -1.2770587738E-12
  3.2976144339E+00,  1.0045619334E+00,  4.4023053830E-01, -1.2717713885E-12
  3.3083514534E+00,  9.9984343761E-01,  4.3869152293E-01, -1.2665042656E-12
  3.3191071034E+00,  9.9513328758E-01,  4.3715622311E-01, -1.2612573206E-12
  3.3298814233E+00,  9.9043148333E-01,  4.3562463083E-01, -1.2560304690E-12
  3.3406744531E+00,  9.8573802486E-01,  4.3409673811E-01, -1.2508236268E-12
  3.3514862326E+00,  9.8105291217E-01,  4.3257253699E-01, -1.2456367106E-12
  3.3623168018E+00,  9.7637614526E-01,  4.3105201953E-01, -1.2404696372E-12
  3.3731662008E+00,  9.7170772413E-01,  4.2953517782E-01, -1.2353223240E-12
  3.3840344701E+00,  9.6704764878E-01,  4.2802200399E-01, -1.2301946884E-12
  3.3949216500E+00,  9.6239591921E-01,  4.2651249018E-01, -1.2250866488E-12
  3.4058277813E+00,  9.5775253543E-01,  4.2500662855E-01, -1.2199981233E-12
  3.4167529045E+00,  9.5311749742E-01,  4.2350441130E-01, -1.2149290311E-12
  3.4276970606E+00,  9.4849080520E-01,  4.2200583064E-01, -1.2098792912E-12
  3.4386602907E+00,  9.4387245875E-01,  4.2051087883E-01, -1.2048488233E-12
  3.4496426360E+00,  9.3926245809E-01,  4.1901954812E-01, -1.1998375474E-12
  3.4606441377E+00,  9.3466080321E-01,  4.1753183081E-01, -1.1948453839E-12
  3.4716648373E+00,  9.3006749411E-01,  4.1604771922E-01, -1.1898722537E-12
  3.4827047765E+00,  9.2548253079E-01,  4.1456720569E-01, -1.1849180778E-12
  3.4937639971E+00,  9.2090591325E-01,  4.1309028259E-01, -1.1799827778E-12
  3.5048425409E+00,  9.1633764149E-01,  4.1161694230E-01, -1.1750662756E-12
  3.5159404501E+00,  9.1177771551E-01,  4.1014717725E-01, -1.1701684935E-12
  3.5270577669E+00,  9.0722613532E-01,  4.0868097987E-01, -1.1652893542E-12
  3.5381945337E+00,  9.0268290090E-01,  4.0721834262E-01, -1.1604287807E-12
  3.5493507930E+00,  8.9814801226E-01,  4.0575925800E-01, -1.1555866963E-12
  3.5605265874E+00,  8.9362146941E-01,  4.0430371851E-01, -1.1507630249E-12
  3.5717219600E+00,  8.8910327233E-01,  4.0285171670E-01, -1.1459576906E-12
  3.5829369535E+00,  8.8459342104E-01,  4.0140324511E-01, -1.1411706179E-12
  3.5941716112E+00,  8.8009191553E-01,  3.9995829634E-01, -1.1364017315E-12
  3.6054259764E+00,  8.7559875580E-01,  3.9851686298E-01, -1.1316509569E-12
  3.6167000927E+00,  8.7111394185E-01,  3.9707893768E-01, -1.1269182194E-12
  3.6279940035E+00,  8.6663747368E-01,  3.9564451308E-01, -1.1222034450E-12
  3.6393077526E+00,  8.6216935129E-01,  3.9421358186E-01, -1.1175065600E-12
  3.6506413841E+00,  8.5770957468E-01,  3.9278613673E-01, -1.1128274911E-12
  3.6619949421E+00,  8.5325814385E-01,  3.9136217040E-01, -1.1081661652E-12
  3.6733684708E+00,  8.4881505880E-01,  3.8994167562E-01, -1.1035225095E-12
  3.6847620146E+00,  8.4438031954E-01,  3.8852464516E-01, -1.0988964519E-12
  3.6961756181E+00,  8.3995392605E-01,  3.8711107183E-01, -1.0942879203E-12
  3.7076093261E+00,  8.3553587835E-01,  3.8570094842E-01, -1.0896968430E-12
  3.7190631835E+00,  8.3112617642E-01,  3.8429426778E-01, -1.0851231488E-12
  3.7305372354E+00,  8.2672482028E-01,  3.8289102278E-01, -1.0805667666E-12
  3.7420315271E+00,  8.2233180992E-01,  3.8149120629E-01, -1.0760276260E-12
  3.7535461040E+00,  8.1794714534E-01,  3.8009481123E-01, -1.0715056564E-12
  3.7650810116E+00,  8.1357082654E-01,  3.7870183052E-01, -1.0670007881E-12
  3.7766362958E+00,  8.0920285352E-01,  3.7731225712E-01, -1.0625129514E-12
  3.7882120024E+00,  8.0484322628E-01,  3.7592608399E-01, -1.0580420769E-12
  3.7998081775E+00,  8.0049194482E-01,  3.7454330414E-01, -1.0535880957E-12
  3.8114248675E+00,  7.9614900914E-01,  3.7316391058E-01, -1.0491509391E-12
  3.8230621188E+00,  7.9181441924E-01,  3.7178789636E-01, -1.0447305389E-12
  3.8347199779E+00,  7.8748817513E-01,  3.7041525454E-01, -1.0403268270E-12
  3.8463984917E+00,  7.8317027679E-01,  3.6904597820E-01, -1.0359397358E-12
  3.8580977072E+00,  7.7886072424E-01,  3.6768006045E-01, -1.0315691979E-12
  3.8698176714E+00,  7.7455951746E-01,  3.6631749441E-01, -1.0272151462E-12
  3.8815584317E+00,  7.7026665647E-01,  3.6495827325E-01, -1.0228775141E-12
  3.8933200357E+00,  7.6598214126E-01,  3.6360239013E-01, -1.0185562352E-12
  3.9051025309E+00,  7.6170597183E-01,  3.6224983824E-01, -1.0142512432E-12
  3.9169059652E+00,  7.5743814818E-01,  3.6090061080E-01, -1.0099624726E-12
  3.9287303867E+00,  7.5317867031E-01,  3.5955470105E-01, -1.0056898577E-12
  3.9405758436E+00,  7.4892753822E-01,  3.5821210225E-01, -1.0014333334E-12
  3.9524423842E+00,  7.4468475191E-01,  3.5687280767E-01, -9.9719283494E-13
  3.9643300572E+00,  7.4045031138E-01,  3.5553681061E-01, -9.9296829768E-13
  3.9762389113E+00,  7.3622421664E-01,  3.5420410440E-01, -9.8875965738E-13
  3.9881689955E+00,  7.3200646767E-01,  3.5287468238E-01, -9.8456685012E-13
  4.0001203589E+00,  7.2779706449E-01,  3.5154853791E-01, -9.8038981223E-13
  4.0120930508E+00,  7.2359600708E-01,  3.5022566438E-01, -9.7622848038E-13
  4.0240871208E+00,  7.1940329546E-01,  3.4890605519E-01, -9.7208279152E-13
  4.0361026185E+00,  7.1521892962E-01,  3.4758970378E-01, -9.6795268290E-13
  4.0481395939E+00,  7.1104290956E-01,  3.4627660358E-01, -9.6383809205E-13
  4.0601980969E+00,  7.0687523527E-01,  3.4496674807E-01, -9.5973895681E-13
  4.0722781780E+00,  7.0271590677E-01,  3.4366013073E-01, -9.5565521532E-13
  4.0843798875E+00,  6.9856492405E-01,  3.4235674507E-01, -9.5158680598E-13
  4.0965032761E+00,  6.9442228712E-01,  3.4105658463E-01, -9.4753366750E-13
  4.1086483947E+00,  6.9028799596E-01,  3.3975964295E-01, -9.4349573887E-13
  4.1208152943E+00,  6.8616205058E-01,  3.3846591360E-01, -9.3947295938E-13
  4.1330040262E+00,  6.8204445098E-01,  3.3717539018E-01, -9.3546526858E-13
  4.1452146418E+00,  6.7793519717E-01,  3.3588806629E-01, -9.3147260631E-13
  4.1574471927E+00,  6.7383428913E-01,  3.3460393556E-01, -9.2749491270E-13
  4.1697017309E+00,  6.6974172688E-01,  3.3332299165E-01, -9.2353212816E-13
  4.1819783082E+00,  6.6565751041E-01,  3.3204522822E-01, -9.1958419337E-13
  4.1942769771E+00,  6.6158163972E-01,  3.3077063897E-01, -9.1565104929E-13
  4.2065977899E+00,  6.5751411480E-01,  3.2949921761E-01, -9.1173263716E-13
  4.2189407994E+00,  6.5345493567E-01,  3.2823095786E-01, -9.0782889848E-13
  4.2313060582E+00,  6.4940410232E-01,  3.2696585348E-01, -9.0393977504E-13
  4.2436936197E+00,  6.4536161475E-01,  3.2570389824E-01, -9.0006520889E-13
  4.2561035369E+00,  6.4132747297E-01,  3.2444508592E-01, -8.9620514236E-13
  4.2685358633E+00,  6.3730167696E-01,  3.2318941033E-01, -8.9235951803E-13
  4.2809906528E+00,  6.3328422673E-01,  3.2193686531E-01, -8.8852827877E-13
  4.2934679591E+00,  6.2927512229E-01,  3.2068744469E-01, -8.8471136771E-13
  4.3059678365E+00,  6.2527436362E-01,  3.1944114235E-01, -8.8090872822E-13
  4.3184903391E+00,  6.2128195074E-01,  3.1819795217E-01, -8.7712030396E-13
  4.3310355216E+00,  6.1729788363E-01,  3.1695786806E-01, -8.7334603886E-13
  4.3436034388E+00,  6.1332216231E-01,  3.1572088393E-01, -8.6958587707E-13
  4.3561941455E+00,  6.0935478677E-01,  3.1448699374E-01, -8.6583976305E-13
  4.3688076970E+00,  6.0539575701E-01,  3.1325619145E-01, -8.6210764147E-13
  4.3814441487E+00,  6.0144507303E-01,  3.1202847103E-01, -8.5838945729E-13
  4.3941035562E+00,  5.9750273483E-01,  3.1080382648E-01, -8.5468515570E-13
  4.4067859754E+00,  5.9356874241E-01,  3.0958225183E-01, -8.5099468218E-13
  4.4194914624E+00,  5.8964309577E-01,  3.0836374111E-01, -8.4731798242E-13
  4.4322200734E+00,  5.8572579491E-01,  3.0714828838E-01, -8.4365500239E-13
  4.4449718650E+00,  5.8181683983E-01,  3.0593588771E-01, -8.4000568830E-13
  4.4577468938E+00,  5.7791623054E-01,  3.0472653320E-01, -8.3636998661E-13
  4.4705452170E+00,  5.7402396702E-01,  3.0352021895E-01, -8.3274784403E-13
  4.4833668917E+00,  5.7014004929E-01,  3.0231693910E-01, -8.2913920751E-13
  4.4962119753E+00,  5.6626447734E-01,  3.0111668779E-01, -8.2554402424E-13
  4.5090805254E+00,  5.6239725116E-01,  2.9991945920E-01, -8.2196224169E-13
  4.5219726001E+00,  5.5853837077E-01,  2.9872524750E-01, -8.1839380752E-13
  4.5348882574E+00,  5.5468783616E-01,  2.9753404690E-01, -8.1483866966E-13
  4.5478275556E+00,  5.5084564733E-01,  2.9634585161E-01, -8.1129677629E-13
  4.5607905534E+00,  5.4701180428E-01,  2.9516065589E-01, -8.0776807581E-13
  4.5737773097E+00,  5.4318630701E-01,  2.9397845398E-01, -8.0425251686E-13
  4.5867878834E+00,  5.3936915552E-01,  2.9279924016E-01, -8.0075004832E-13
  4.5998223339E+00,  5.3556034982E-01,  2.9162300872E-01, -7.9726061931E-13
  4.6128807208E+00,  5.3175988989E-01,  2.9044975397E-01, -7.9378417917E-13
  4.6259631038E+00,  5.2796777575E-01,  2.8927947025E-01, -7.9032067750E-13
  4.6390695430E+00,  5.2418400738E-01,  2.8811215189E-01, -7.8687006410E-13
  4.6522000987E+00,  5.2040858480E-01,  2.8694779326E-01, -7.8343228902E-13
  4.6653548314E+00,  5.1664150799E-01,  2.8578638874E-01, -7.8000730254E-13
  4.6785338019E+00,  5.1288277697E-01,  2.8462793274E-01, -7.7659505515E-13
  4.6917370712E+00,  5.0913239173E-01,  2.8347241965E-01, -7.7319549759E-13
  4.7049647006E+00,  5.0539035227E-01,  2.8231984393E-01, -7.6980858082E-13
  4.7182167516E+00,  5.0165665859E-01,  2.8117020001E-01, -7.6643425601E-13
  4.7314932861E+00,  4.9793131069E-01,  2.8002348237E-01, -7.6307247456E-13
  4.7447943660E+00,  4.9421430857E-01,  2.7887968549E-01, -7.5972318812E-13
  4.7581200537E+00,  4.9050565223E-01,  2.7773880388E-01, -7.5638634853E-13
  4.7714704117E+00,  4.8680534168E-01,  2.7660083204E-01, -7.5306190785E-13
  4.7848455028E+00,  4.8311337690E-01,  2.7546576453E-01, -7.4974981838E-13
  4.7982453900E+00,  4.7942975791E-01,  2.7433359589E-01, -7.4645003262E-13
  4.8116701368E+00,  4.7575448469E-01,  2.7320432069E-01, -7.4316250330E-13
  4.8251198068E+00,  4.7208755726E-01,  2.7207793352E-01, -7.3988718335E-13
  4.8385944637E+00,  4.6842897560E-01,  2.7095442898E-01, -7.3662402595E-13
  4.8520941717E+00,  4.6477873973E-01,  2.6983380169E-01, -7.3337298444E-13
  4.8656189952E+00,  4.6113684964E-01,  2.6871604629E-01, -7.3013401242E-13
  4.8791689989E+00,  4.5750330533E-01,  2.6760115744E-01, -7.2690706369E-13
  4.8927442477E+00,  4.5387810680E-01,  2.6648912980E-01, -7.2369209223E-13
  4.9063448068E+00,  4.5026125405E-01,  2.6537995806E-01, -7.2048905228E-13
  4.9199707417E+00,  4.4665274708E-01,  2.6427363692E-01, -7.1729789826E-13
  4.9336221182E+00,  4.4305258590E-01,  2.6317016111E-01, -7.1411858478E-13
  4.9472990022E+00,  4.3946077049E-01,  2.6206952536E-01, -7.1095106670E-13
  4.9610014601E+00,  4.3587730086E-01,  2.6097172442E-01, -7.0779529906E-13
  4.9747295586E+00,  4.3230217702E-01,  2.5987675305E-01, -7.0465123710E-13
  4.9884833644E+00,  4.2873539895E-01,  2.5878460606E-01, -7.0151883628E-13
  5.0022629447E+00,  4.2517696667E-01,  2.5769527823E-01, -6.9839805224E-13
  5.0160683669E+00,  4.2162688017E-01,  2.5660876438E-01, -6.9528884085E-13
  5.0298996989E+00,  4.1808513945E-01,  2.5552505934E-01, -6.9219115816E-13
  5.0437570085E+00,  4.1455174451E-01,  2.5444415797E-01, -6.8910496042E-13
  5.0576403642E+00,  4.1102669534E-01,  2.5336605513E-01, -6.8603020410E-13
  5.0715498345E+00,  4.0750999197E-01,  2.5229074570E-01, -6.8296684583E-13
  5.0854854882E+00,  4.0400163437E-01,  2.5121822458E-01, -6.7991484247E-13
  5.0994473947E+00,  4.0050162255E-01,  2.5014848667E-01, -6.7687415107E-13
  5.1134356233E+00,  3.9700995651E-01,  2.4908152691E-01, -6.7384472886E-13
  5.1274502438E+00,  3.9352663626E-01,  2.4801734024E-01, -6.7082653327E-13
  5.1414913264E+00,  3.9005166178E-01,  2.4695592162E-01, -6.6781952193E-13
  5.1555589413E+00,  3.8658503308E-01,  2.4589726602E-01, -6.6482365266E-13
  5.1696531594E+00,  3.8312675017E-01,  2.4484136844E-01, -6.6183888345E-13
  5.1837740515E+00,  3.7967681304E-01,  2.4378822387E-01, -6.5886517252E-13
  5.1979216890E+00,  3.7623522169E-01,  2.4273782735E-01, -6.5590247824E-13
  5.2120961434E+00,  3.7280197611E-01,  2.4169017390E-01, -6.5295075919E-13
  5.2262974867E+00,  3.6937707632E-01,  2.4064525859E-01, -6.5000997413E-13
  5.2405257912E+00,  3.6596052231E-01,  2.3960307647E-01, -6.4708008201E-13
  5.2547811292E+00,  3.6255231408E-01,  2.3856362262E-01, -6.4416104196E-13
  5.2690635738E+00,  3.5915245163E-01,  2.3752689215E-01, -6.4125281330E-13
  5.2833731981E+00,  3.5576093497E-01,  2.3649288017E-01, -6.3835535553E-13
  5.2977100755E+00,  3.5237776408E-01,  2.3546158181E-01, -6.3546862833E-13
  5.3120742799E+00,  3.4900293897E-01,  2.3443299220E-01, -6.3259259157E-13
  5.3264658855E+00,  3.4563645965E-01,  2.3340710651E-01, -6.2972720529E-13
  5.3408849666E+00,  3.4227832610E-01,  2.3238391990E-01, -6.2687242972E-13
  5.3553315981E+00,  3.3892853834E-01,  2.3136342757E-01, -6.2402822525E-13
  5.3698058550E+00,  3.3558709636E-01,  2.3034562471E-01, -6.2119455249E-13
  5.3843078130E+00,  3.3225400016E-01,  2.2933050655E-01, -6.1837137217E-13
  5.3988375476E+00,  3.2892924973E-01,  2.2831806831E-01, -6.1555864525E-13
  5.4133951351E+00,  3.2561284509E-01,  2.2730830524E-01, -6.1275633282E-13
  5.4279806519E+00,  3.2230478623E-01,  2.2630121260E-01, -6.0996439618E-13
  5.4425941748E+00,  3.1900507315E-01,  2.2529678566E-01, -6.0718279679E-13
  5.4572357808E+00,  3.1571370586E-01,  2.2429501973E-01, -6.0441149628E-13
  5.4719055476E+00,  3.1243068434E-01,  2.2329591009E-01, -6.0165045645E-13
  5.4866035529E+00,  3.0915600860E-01,  2.2229945207E-01, -5.9889963929E-13
  5.5013298749E+00,  3.0588967865E-01,  2.2130564100E-01, -5.9615900693E-13
  5.5160845921E+00,  3.0263169447E-01,  2.2031447222E-01, -5.9342852169E-13
  5.5308677834E+00,  2.9938205608E-01,  2.1932594111E-01, -5.9070814607E-13
  5.5456795279E+00,  2.9614076346E-01,  2.1834004303E-01, -5.8799784270E-13
  5.5605199054E+00,  2.9290781663E-01,  2.1735677338E-01, -5.8529757441E-13
  5.5753889956E+00,  2.8968321558E-01,  2.1637612756E-01, -5.8260730420E-13
  5.5902868789E+00,  2.8646696031E-01,  2.1539810098E-01, -5.7992699520E-13
  5.6052136360E+00,  2.8325905082E-01,  2.1442268908E-01, -5.7725661073E-13
  5.6201693479E+00,  2.8005948711E-01,  2.1344988731E-01, -5.7459611428E-13
  5.6351540959E+00,  2.7686826918E-01,  2.1247969113E-01, -5.7194546949E-13
  5.6501679618E+00,  2.7368539703E-01,  2.1151209600E-01, -5.6930464017E-13
  5.6652110278E+00,  2.7051087066E-01,  2.1054709742E-01, -5.6667359027E-13
  5.6802833762E+00,  2.6734469008E-01,  2.0958469089E-01, -5.6405228394E-13
  5.6953850901E+00,  2.6418685527E-01,  2.0862487192E-01, -5.6144068545E-13
  5.7105162527E+00,  2.6103736625E-01,  2.0766763604E-01, -5.5883875926E-13
  5.7256769475E+00,  2.5789622300E-01,  2.0671297880E-01, -5.5624646996E-13
  5.7408672587E+00,  2.5476342554E-01,  2.0576089576E-01, -5.5366378233E-13
  5.7560872705E+00,  2.5163897386E-01,  2.0481138247E-01, -5.5109066128E-13
  5.7713370678E+00,  2.4852286795E-01,  2.0386443454E-01, -5.4852707189E-13
  5.7866167358E+00,  2.4541510783E-01,  2.0292004754E-01, -5.4597297939E-13
  5.8019263599E+00,  2.4231569349E-01,  2.0197821710E-01, -5.4342834917E-13
  5.8172660263E+00,  2.3922462493E-01,  2.0103893883E-01, -5.4089314676E-13
  5.8326358211E+00,  2.3614190216E-01,  2.0010220838E-01, -5.3836733786E-13
  5.8480358312E+00,  2.3306752516E-01,  1.9916802140E-01, -5.3585088831E-13
  5.8634661438E+00,  2.3000149394E-01,  1.9823637354E-01, -5.3334376411E-13
  5.8789268463E+00,  2.2694380851E-01,  1.9730726049E-01, -5.3084593141E-13
  5.8944180268E+00,  2.2389446885E-01,  1.9638067794E-01, -5.2835735650E-13
  5.9099397736E+00,  2.2085347498E-01,  1.9545662158E-01, -5.2587800584E-13
  5.9254921755E+00,  2.1782082688E-01,  1.9453508714E-01, -5.2340784602E-13
  5.9410753216E+00,  2.1479652457E-01,  1.9361607035E-01, -5.2094684378E-13
  5.9566893017E+00,  2.1178056804E-01,  1.9269956694E-01, -5.1849496601E-13
  5.9723342058E+00,  2.0877295728E-01,  1.9178557268E-01, -5.1605217976E-13
  5.9880101242E+00,  2.0577369231E-01,  1.9087408334E-01, -5.1361845220E-13
  6.0037171479E+00,  2.0278277312E-01,  1.8996509468E-01, -5.1119375067E-13
  6.0194553682E+00,  1.9980019971E-01,  1.8905860252E-01, -5.0877804264E-13
  6.0352248768E+00,  1.9682597209E-01,  1.8815460265E-01, -5.0637129572E-13
  6.0510257659E+00,  1.9386009024E-01,  1.8725309089E-01, -5.0397347768E-13
  6.0668581280E+00,  1.9090255417E-01,  1.8635406309E-01, -5.0158455642E-13
  6.0827220563E+00,  1.8795336389E-01,  1.8545751507E-01, -4.9920449998E-13
  6.0986176441E+00,  1.8501251938E-01,  1.8456344271E-01, -4.9683327655E-13
  6.1145449855E+00,  1.8208002066E-01,  1.8367184187E-01, -4.9447085445E-13
  6.1305041748E+00,  1.7915586771E-01,  1.8278270843E-01, -4.9211720216E-13
  6.1464953068E+00,  1.7624006055E-01,  1.8189603830E-01, -4.8977228827E-13
  6.1625184768E+00,  1.7333259917E-01,  1.8101182737E-01, -4.8743608153E-13
  6.1785737805E+00,  1.7043348357E-01,  1.8013007158E-01, -4.8510855082E-13
  6.1946613140E+00,  1.6754271375E-01,  1.7925076684E-01, -4.8278966516E-13
  6.2107811741E+00,  1.6466028971E-01,  1.7837390912E-01, -4.8047939370E-13
  6.2269334579E+00,  1.6178621145E-01,  1.7749949435E-01, -4.7817770572E-13
  6.2431182628E+00,  1.5892047897E-01,  1.7662751853E-01, -4.7588457067E-13
  6.2593356870E+00,  1.5606309227E-01,  1.7575797762E-01, -4.7359995809E-13
  6.2755858290E+00,  1.5321405136E-01,  1.7489086762E-01, -4.7132383767E-13
  6.2918687877E+00,  1.5037335622E-01,  1.7402618455E-01, -4.6905617926E-13
  6.3081846627E+00,  1.4754100687E-01,  1.7316392441E-01, -4.6679695279E-13
  6.3245335538E+00,  1.4471700329E-01,  1.7230408323E-01, -4.6454612837E-13
  6.3409155615E+00,  1.4190134550E-01,  1.7144665707E-01, -4.6230367622E-13
  6.3573307868E+00,  1.3909403349E-01,  1.7059164198E-01, -4.6006956669E-13
  6.3737793310E+00,  1.3629506725E-01,  1.6973903402E-01, -4.5784377026E-13
  6.3902612960E+00,  1.3350444680E-01,  1.6888882927E-01, -4.5562625754E-13
  6.4067767844E+00,  1.3072217213E-01,  1.6804102382E-01, -4.5341699929E-13
  6.4233258989E+00,  1.2794824324E-01,  1.6719561378E-01, -4.5121596635E-13
  6.4399087430E+00,  1.2518266013E-01,  1.6635259526E-01, -4.4902312974E-13
  6.4565254205E+00,  1.2242542281E-01,  1.6551196438E-01, -4.4683846057E-13
  6.4731760360E+00,  1.1967653126E-01,  1.6467371728E-01, -4.4466193010E-13
  6.4898606944E+00,  1.1693598549E-01,  1.6383785012E-01, -4.4249350970E-13
  6.5065795011E+00,  1.1420378551E-01,  1.6300435906E-01, -4.4033317087E-13
  6.5233325621E+00,  1.1147993130E-01,  1.6217324026E-01, -4.3818088524E-13
  6.5401199839E+00,  1.0876442288E-01,  1.6134448992E-01, -4.3603662455E-13
  6.5569418736E+00,  1.0605726024E-01,  1.6051810422E-01, -4.3390036069E-13
  6.5737983386E+00,  1.0335844337E-01,  1.5969407938E-01, -4.3177206564E-13
  6.5906894872E+00,  1.0066797229E-01,  1.5887241161E-01, -4.2965171153E-13
  6.6076154279E+00,  9.7985846992E-02,  1.5805309715E-01, -4.2753927059E-13
  6.6245762700E+00,  9.5312067472E-02,  1.5723613224E-01, -4.2543471519E-13
  6.6415721231E+00,  9.2646633733E-02,  1.5642151312E-01, -4.2333801780E-13
  6.6586030975E+00,  8.9989545775E-02,  1.5560923608E-01, -4.2124915103E-13
  6.6756693041E+00,  8.7340803597E-02,  1.5479929737E-01, -4.1916808760E-13
  6.6927708542E+00,  8.4700407200E-02,  1.5399169330E-01, -4.1709480035E-13
  6.7099078597E+00,  8.2068356584E-02,  1.5318642015E-01, -4.1502926223E-13
  6.7270804332E+00,  7.9444651749E-02,  1.5238347424E-01, -4.1297144632E-13
  6.7442886878E+00,  7.6829292695E-02,  1.5158285189E-01, -4.1092132582E-13
  6.7615327371E+00,  7.4222279421E-02,  1.5078454943E-01, -4.0887887403E-13
  6.7788126953E+00,  7.1623611928E-02,  1.4998856320E-01, -4.0684406437E-13
  6.7961286772E+00,  6.9033290216E-02,  1.4919488957E-01, -4.0481687040E-13
  6.8134807982E+00,  6.6451314285E-02,  1.4840352488E-01, -4.0279726576E-13
  6.8308691743E+00,  6.3877684134E-02,  1.4761446552E-01, -4.0078522422E-13
  6.8482939220E+00,  6.1312399765E-02,  1.4682770788E-01, -3.9878071968E-13
  6.8657551585E+00,  5.8755461176E-02,  1.4604324836E-01, -3.9678372612E-13
  6.8832530016E+00,  5.6206868368E-02,  1.4526108336E-01, -3.9479421765E-13
  6.9007875695E+00,  5.3666621340E-02,  1.4448120930E-01, -3.9281216850E-13
  6.9183589814E+00,  5.1134720094E-02,  1.4370362262E-01, -3.9083755301E-13
  6.9359673567E+00,  4.8611164628E-02,  1.4292831975E-01, -3.8887034561E-13
  6.9536128156E+00,  4.6095954943E-02,  1.4215529715E-01, -3.8691052087E-13
  6.9712954790E+00,  4.3589091039E-02,  1.4138455128E-01, -3.8495805345E-13
  6.9890154683E+00,  4.1090572916E-02,  1.4061607861E-01, -3.8301291813E-13
  7.0067729056E+00,  3.8600400573E-02,  1.3984987564E-01, -3.8107508979E-13
  7.0245679135E+00,  3.6118574011E-02,  1.3908593884E-01, -3.7914454343E-13
  7.0424006154E+00,  3.3645093230E-02,  1.3832426474E-01, -3.7722125414E-13
  7.0602711354E+00,  3.1179958230E-02,  1.3756484984E-01, -3.7530519714E-13
  7.0781795979E+00,  2.8723169010E-02,  1.3680769067E-01, -3.7339634775E-13
  7.0961261284E+00,  2.6274725572E-02,  1.3605278378E-01, -3.7149468138E-13
  7.1141108527E+00,  2.3834627914E-02,  1.3530012569E-01, -3.6960017358E-13
  7.1321338973E+00,  2.1402876037E-02,  1.3454971298E-01, -3.6771279996E-13
  7.1501953897E+00,  1.8979469940E-02,  1.3380154222E-01, -3.6583253629E-13
  7.1682954577E+00,  1.6564409625E-02,  1.3305560997E-01, -3.6395935839E-13
  7.1864342298E+00,  1.4157695090E-02,  1.3231191284E-01, -3.6209324222E-13
  7.2046118355E+00,  1.1759326336E-02,  1.3157044741E-01, -3.6023416383E-13
  7.2228284046E+00,  9.3693033631E-03,  1.3083121030E-01, -3.5838209938E-13
  7.2410840678E+00,  6.9876261708E-03,  1.3009419813E-01, -3.5653702513E-13
  7.2593789564E+00,  4.6142947592E-03,  1.2935940753E-01, -3.5469891743E-13
  7.2777132025E+00,  2.2493091284E-03,  1.2862683513E-01, -3.5286775276E-13
  7.2960869388E+00, -1.0733072157E-04,  1.2789647760E-01, -3.5104350768E-13
  7.3145002988E+00, -2.4556247908E-03,  1.2716833158E-01, -3.4922615885E-13
  7.3329534166E+00, -4.7955730792E-03,  1.2644239375E-01, -3.4741568303E-13
  7.3514464272E+00, -7.1271755868E-03,  1.2571866079E-01, -3.4561205710E-13
  7.3699794661E+00, -9.4504323137E-03,  1.2499712939E-01, -3.4381525802E-13
  7.3885526696E+00, -1.1765343260E-02,  1.2427779625E-01, -3.4202526285E-13
  7.4071661749E+00, -1.4071908425E-02,  1.2356065808E-01, -3.4024204875E-13
  7.4258201198E+00, -1.6370127809E-02,  1.2284571160E-01, -3.3846559300E-13
  7.4445146427E+00, -1.8660001413E-02,  1.2213295355E-01, -3.3669587293E-13
  7.4632498830E+00, -2.0941529236E-02,  1.2142238065E-01, -3.3493286602E-13
  7.4820259808E+00, -2.3214711278E-02,  1.2071398966E-01, -3.3317654981E-13
  7.5008430769E+00, -2.5479547540E-02,  1.2000777735E-01, -3.3142690195E-13
  7.5197013128E+00, -2.7736038020E-02,  1.1930374047E-01, -3.2968390019E-13
  7.5386008309E+00, -2.9984182720E-02,  1.1860187581E-01, -3.2794752236E-13
  7.5575417743E+00, -3.2223981639E-02,  1.1790218016E-01, -3.2621774640E-13
  7.5765242870E+00, -3.4455434777E-02,  1.1720465032E-01, -3.2449455035E-13
  7.5955485137E+00, -3.6678542134E-02,  1.1650928309E-01, -3.2277791232E-13
  7.6146145998E+00, -3.8893303711E-02,  1.1581607529E-01, -3.2106781052E-13
  7.6337226917E+00, -4.1099719507E-02,  1.1512502374E-01, -3.1936422328E-13
  7.6528729364E+00, -4.3297789522E-02,  1.1443612530E-01, -3.1766712900E-13
  7.6720654818E+00, -4.5487513756E-02,  1.1374937679E-01, -3.1597650616E-13
  7.6913004768E+00, -4.7668892210E-02,  1.1306477509E-01, -3.1429233336E-13
  7.7105780709E+00, -4.9841924882E-02,  1.1238231704E-01, -3.1261458928E-13
  7.7298984144E+00, -5.2006611774E-02,  1.1170199954E-01, -3.1094325269E-13
  7.7492616585E+00, -5.4162952885E-02,  1.1102381945E-01, -3.0927830244E-13
  7.7686679554E+00, -5.6310948215E-02,  1.1034777369E-01, -3.0761971749E-13
  7.7881174580E+00, -5.8450597765E-02,  1.0967385914E-01, -3.0596747688E-13
  7.8076103199E+00, -6.0581901534E-02,  1.0900207271E-01, -3.0432155975E-13
  7.8271466959E+00, -6.2704859522E-02,  1.0833241135E-01, -3.0268194530E-13
  7.8467267415E+00, -6.4819471729E-02,  1.0766487196E-01, -3.0104861285E-13
  7.8663506130E+00, -6.6925738155E-02,  1.0699945149E-01, -2.9942154180E-13
  7.8860184676E+00, -6.9023658801E-02,  1.0633614690E-01, -2.9780071162E-13
  7.9057304636E+00, -7.1113233665E-02,  1.0567495514E-01, -2.9618610190E-13
  7.9254867599E+00, -7.3194462749E-02,  1.0501587317E-01, -2.9457769228E-13
  7.9452875166E+00, -7.5267346053E-02,  1.0435889798E-01, -2.9297546252E-13
  7.9651328943E+00, -7.7331883575E-02,  1.0370402655E-01, -2.9137939245E-13
  7.9850230549E+00, -7.9388075317E-02,  1.0305125587E-01, -2.8978946198E-13
  8.0049581611E+00, -8.1435921278E-02,  1.0240058295E-01, -2.8820565112E-13
  8.0249383765E+00, -8.3475421458E-02,  1.0175200480E-01, -2.8662793995E-13
  8.0449638656E+00, -8.5506575857E-02,  1.0110551845E-01, -2.8505630865E-13
  8.0650347939E+00, -8.7529384475E-02,  1.0046112091E-01, -2.8349073748E-13
  8.0851513279E+00, -8.9543847313E-02,  9.9818809243E-02, -2.8193120677E-13
  8.1053136349E+00, -9.1549964370E-02,  9.9178580484E-02, -2.8037769695E-13
  8.1255218833E+00, -9.3547735646E-02,  9.8540431695E-02, -2.7883018853E-13
  8.1457762424E+00, -9.5537161141E-02,  9.7904359940E-02, -2.7728866210E-13
  8.1660768826E+00, -9.7518240856E-02,  9.7270362296E-02, -2.7575309833E-13
  8.1864239751E+00, -9.9490974790E-02,  9.6638435847E-02, -2.7422347798E-13
  8.2068176923E+00, -1.0145536294E-01,  9.6008577684E-02, -2.7269978188E-13
  8.2272582074E+00, -1.0341140531E-01,  9.5380784910E-02, -2.7118199095E-13
  8.2477456947E+00, -1.0535910191E-01,  9.4755054634E-02, -2.6967008618E-13
  8.2682803296E+00, -1.0729845272E-01,  9.4131383975E-02, -2.6816404867E-13
  8.2888622883E+00, -1.0922945775E-01,  9.3509770061E-02, -2.6666385956E-13
  8.3094917484E+00, -1.1115211700E-01,  9.2890210027E-02, -2.6516950011E-13
  8.3301688882E+00, -1.1306643046E-01,  9.2272701019E-02, -2.6368095161E-13
  8.3508938872E+00, -1.1497239815E-01,  9.1657240190E-02, -2.6219819549E-13
  8.3716669259E+00, -1.1687002006E-01,  9.1043824701E-02, -2.6072121320E-13
  8.3924881859E+00, -1.1875929618E-01,  9.0432451723E-02, -2.5924998631E-13
  8.4133578499E+00, -1.2064022653E-01,  8.9823118435E-02, -2.5778449644E-13
  8.4342761017E+00, -1.2251281109E-01,  8.9215822024E-02, -2.5632472532E-13
  8.4552431261E+00, -1.2437704988E-01,  8.8610559685E-02, -2.5487065473E-13
  8.4762591091E+00, -1.2623294288E-01,  8.8007328624E-02, -2.5342226653E-13
  8.4973242377E+00, -1.2808049010E-01,  8.7406126053E-02, -2.5197954266E-13
  8.5184387002E+00, -1.2991969154E-01,  8.6806949192E-02, -2.5054246515E-13
  8.5396026857E+00, -1.3175054720E-01,  8.6209795271E-02, -2.4911101608E-13
  8.5608163849E+00, -1.3357305708E-01,  8.5614661529E-02, -2.4768517763E-13
  8.5820799892E+00, -1.3538722118E-01,  8.5021545210E-02, -2.4626493204E-13
  8.6033936914E+00, -1.3719303950E-01,  8.4430443569E-02, -2.4485026164E-13
  8.6247576855E+00, -1.3899051204E-01,  8.3841353868E-02, -2.4344114881E-13
  8.6461721664E+00, -1.4077963879E-01,  8.3254273379E-02, -2.4203757603E-13
  8.6676373306E+00, -1.4256041977E-01,  8.2669199380E-02, -2.4063952583E-13
  8.6891533754E+00, -1.4433285496E-01,  8.2086129158E-02, -2.3924698084E-13
  8.7107204995E+00, -1.4609694438E-01,  8.1505060009E-02, -2.3785992375E-13
  8.7323389028E+00, -1.4785268801E-01,  8.0925989236E-02, -2.3647833731E-13
  8.7540087863E+00, -1.4960008586E-01,  8.0348914150E-02, -2.3510220436E-13
  8.7757303525E+00, -1.5133913793E-01,  7.9773832071E-02, -2.3373150782E-13
  8.7975038048E+00, -1.5306984423E-01,  7.9200740328E-02, -2.3236623066E-13
  8.8193293482E+00, -1.5479220474E-01,  7.8629636254E-02, -2.3100635592E-13
  8.8412071887E+00, -1.5650621947E-01,  7.8060517195E-02, -2.2965186674E-13
  8.8631375336E+00, -1.5821188841E-01,  7.7493380501E-02, -2.2830274631E-13
  8.8851205916E+00, -1.5990921158E-01,  7.6928223533E-02, -2.2695897789E-13
  8.9071565726E+00, -1.6159818897E-01,  7.6365043658E-02, -2.2562054482E-13
  8.9292456879E+00, -1.6327882057E-01,  7.5803838252E-02, -2.2428743050E-13
  8.9513881501E+00, -1.6495110640E-01,  7.5244604697E-02, -2.2295961840E-13
  8.9735841729E+00, -1.6661504644E-01,  7.4687340385E-02, -2.2163709208E-13
  8.9958339717E+00, -1.6827064071E-01,  7.4132042715E-02, -2.2031983514E-13
  9.0181377630E+00, -1.6991788919E-01,  7.3578709095E-02, -2.1900783126E-13
  9.0404957648E+00, -1.7155679189E-01,  7.3027336938E-02, -2.1770106420E-13
  9.0629081963E+00, -1.7318734882E-01,  7.2477923667E-02, -2.1639951778E-13
  9.0853752782E+00, -1.7480955996E-01,  7.1930466713E-02, -2.1510317588E-13
  9.1078972326E+00, -1.7642342532E-01,  7.1384963513E-02, -2.1381202246E-13
  9.1304742830E+00, -1.7802894489E-01,  7.0841411513E-02, -2.1252604153E-13
  9.1531066543E+00, -1.7962611869E-01,  7.0299808167E-02, -2.1124521720E-13
  9.1757945728E+00, -1.8121494671E-01,  6.9760150935E-02, -2.0996953360E-13
  9.1985382663E+00, -1.8279542895E-01,  6.9222437286E-02, -2.0869897498E-13
  9.2213379640E+00, -1.8436756540E-01,  6.8686664697E-02, -2.0743352560E-13
  9.2441938967E+00, -1.8593135608E-01,  6.8152830650E-02, -2.0617316984E-13
  9.2671062965E+00, -1.8748680097E-01,  6.7620932638E-02, -2.0491789210E-13
  9.2900753971E+00, -1.8903390009E-01,  6.7090968160E-02, -2.0366767687E-13
  9.3131014336E+00, -1.9057265342E-01,  6.6562934721E-02, -2.0242250870E-13
  9.3361846428E+00, -1.9210306097E-01,  6.6036829837E-02, -2.0118237222E-13
  9.3593252628E+00, -1.9362512274E-01,  6.5512651028E-02, -1.9994725208E-13
  9.3825235335E+00, -1.9513883873E-01,  6.4990395823E-02, -1.9871713305E-13
  9.4057796961E+00, -1.9664420894E-01,  6.4470061759E-02, -1.9749199993E-13
  9.4290939936E+00, -1.9814123337E-01,  6.3951646380E-02, -1.9627183758E-13
  9.4524666705E+00, -1.9962991202E-01,  6.3435147236E-02, -1.9505663094E-13
  9.4758979727E+00, -2.0111024489E-01,  6.2920561887E-02, -1.9384636501E-13
  9.4993881481E+00, -2.0258223197E-01,  6.2407887897E-02, -1.9264102485E-13
  9.5229374460E+00, -2.0404587328E-01,  6.1897122841E-02, -1.9144059557E-13
  9.5465461172E+00, -2.0550116880E-01,  6.1388264299E-02, -1.9024506238E-13
  9.5702144144E+00, -2.0694811855E-01,  6.0881309859E-02, -1.8905441050E-13
  9.5939425920E+00, -2.0838672251E-01,  6.0376257115E-02, -1.8786862525E-13
  9.6177309058E+00, -2.0981698069E-01,  5.9873103670E-02, -1.8668769200E-13
  9.6415796135E+00, -2.1123889310E-01,  5.9371847134E-02, -1.8551159618E-13
  9.6654889746E+00, -2.1265245972E-01,  5.8872485124E-02, -1.8434032327E-13
  9.6894592501E+00, -2.1405768056E-01,  5.8375015263E-02, -1.8317385884E-13
  9.7134907030E+00, -2.1545455562E-01,  5.7879435182E-02, -1.8201218850E-13
  9.7375835977E+00, -2.1684308489E-01,  5.7385742520E-02, -1.8085529790E-13
  9.7617382008E+00, -2.1822326839E-01,  5.6893934921E-02, -1.7970317280E-13
  9.7859547804E+00, -2.1959510611E-01,  5.6404010040E-02, -1.7855579898E-13
  9.8102336066E+00, -2.2095859805E-01,  5.5915965534E-02, -1.7741316229E-13
  9.8345749510E+00, -2.2231374420E-01,  5.5429799071E-02, -1.7627524864E-13
  9.8589790875E+00, -2.2366054458E-01,  5.4945508323E-02, -1.7514204400E-13
  9.8834462915E+00, -2.2499899917E-01,  5.4463090973E-02, -1.7401353439E-13
  9.9079768405E+00, -2.2632910798E-01,  5.3982544707E-02, -1.7288970591E-13
  9.9325710136E+00, -2.2765087101E-01,  5.3503867220E-02, -1.7177054469E-13
  9.9572290922E+00, -2.2896428827E-01,  5.3027056213E-02, -1.7065603694E-13
  9.9819513593E+00, -2.3026935974E-01,  5.2552109395E-02, -1.6954616891E-13
  1.0006738100E+01, -2.3156608543E-01,  5.2079024482E-02, -1.6844092693E-13
  1.0031589601E+01, -2.3285446534E-01,  5.1607799196E-02, -1.6734029736E-13
  1.0056506153E+01, -2.3413449946E-01,  5.1138431265E-02, -1.6624426663E-13
  1.0081488044E+01, -2.3540618781E-01,  5.0670918426E-02, -1.6515282123E-13
  1.0106535570E+01, -2.3666953038E-01,  5.0205258422E-02, -1.6406594770E-13
  1.0131649024E+01, -2.3792452716E-01,  4.9741449002E-02, -1.6298363265E-13
  1.0156828704E+01, -2.3917117817E-01,  4.9279487923E-02, -1.6190586272E-13
  1.0182074909E+01, -2.4040948339E-01,  4.8819372948E-02, -1.6083262462E-13
  1.0207387941E+01, -2.4163944284E-01,  4.8361101848E-02, -1.5976390512E-13
  1.0232768102E+01, -2.4286105650E-01,  4.7904672398E-02, -1.5869969104E-13
  1.0258215699E+01, -2.4407432438E-01,  4.7450082382E-02, -1.5763996926E-13
  1.0283731039E+01, -2.4527924648E-01,  4.6997329591E-02, -1.5658472670E-13
  1.0309314431E+01, -2.4647582280E-01,  4.6546411821E-02, -1.5553395035E-13
  1.0334966189E+01, -2.4766405334E-01,  4.6097326876E-02, -1.5448762724E-13
  1.0360686625E+01, -2.4884393810E-01,  4.5650072565E-02, -1.5344574447E-13
  1.0386476057E+01, -2.5001547708E-01,  4.5204646706E-02, -1.5240828919E-13
  1.0412334804E+01, -2.5117867028E-01,  4.4761047122E-02, -1.5137524858E-13
  1.0438263186E+01, -2.5233351770E-01,  4.4319271643E-02, -1.5034660991E-13
  1.0464261527E+01, -2.5348001933E-01,  4.3879318106E-02, -1.4932236047E-13
  1.0490330152E+01, -2.5461817519E-01,  4.3441184353E-02, -1.4830248764E-13
  1.0516469390E+01, -2.5574798526E-01,  4.3004868234E-02, -1.4728697881E-13
  1.0542679570E+01, -2.5686944955E-01,  4.2570367605E-02, -1.4627582145E-13
  1.0568961026E+01, -2.5798256807E-01,  4.2137680329E-02, -1.4526900307E-13
  1.0595314092E+01, -2.5908734080E-01,  4.1706804274E-02, -1.4426651124E-13
  1.0621739107E+01, -2.6018376775E-01,  4.1277737317E-02, -1.4326833358E-13
  1.0648236410E+01, -2.6127184892E-01,  4.0850477339E-02, -1.4227445776E-13
  1.0674806344E+01, -2.6235158431E-01,  4.0425022229E-02, -1.4128487150E-13
  1.0701449253E+01, -2.6342297392E-01,  4.0001369880E-02, -1.4029956256E-13
  1.0728165487E+01, -2.6448601774E-01,  3.9579518196E-02, -1.3931851878E-13
  1.0754955393E+01, -2.6554071579E-01,  3.9159465082E-02, -1.3834172802E-13
  1.0781819327E+01, -2.6658706806E-01,  3.8741208453E-02, -1.3736917822E-13
  1.0808757641E+01, -2.6762507454E-01,  3.8324746229E-02, -1.3640085733E-13
  1.0835770695E+01, -2.6865473525E-01,  3.7910076337E-02, -1.3543675338E-13
  1.0862858850E+01, -2.6967605017E-01,  3.7497196709E-02, -1.3447685446E-13
  1.0890022468E+01, -2.7068901932E-01,  3.7086105284E-02, -1.3352114867E-13
  1.0917261915E+01, -2.7169364268E-01,  3.6676800008E-02, -1.3256962419E-13
  1.0944577561E+01, -2.7268992026E-01,  3.6269278831E-02, -1.3162226925E-13
  1.0971969776E+01, -2.7367785206E-01,  3.5863539713E-02, -1.3067907210E-13
  1.0999438935E+01, -2.7465743808E-01,  3.5459580617E-02, -1.2974002107E-13
  1.1026985415E+01, -2.7562867832E-01,  3.5057399512E-02, -1.2880510453E-13
  1.1054609597E+01, -2.7659157278E-01,  3.4656994376E-02, -1.2787431088E-13
  1.1082311862E+01, -2.7754612146E-01,  3.4258363191E-02, -1.2694762860E-13
  1.1110092598E+01, -2.7849232435E-01,  3.3861503945E-02, -1.2602504619E-13
  1.1137952191E+01, -2.7943018147E-01,  3.3466414633E-02, -1.2510655221E-13
  1.1165891035E+01, -2.8035969280E-01,  3.3073093256E-02, -1.2419213527E-13
  1.1193909523E+01, -2.8128085836E-01,  3.2681537821E-02, -1.2328178401E-13
  1.1222008054E+01, -2.8219367813E-01,  3.2291746341E-02, -1.2237548714E-13
  1.1250187028E+01, -2.8309815212E-01,  3.1903716835E-02, -1.2147323341E-13
  1.1278446850E+01, -2.8399428034E-01,  3.1517447327E-02, -1.2057501160E-13
  1.1306787925E+01, -2.8488206277E-01,  3.1132935850E-02, -1.1968081055E-13
  1.1335210664E+01, -2.8576149942E-01,  3.0750180439E-02, -1.1879061916E-13
  1.1363715481E+01, -2.8663259029E-01,  3.0369179139E-02, -1.1790442635E-13
  1.1392302791E+01, -2.8749533538E-01,  2.9989929997E-02, -1.1702222111E-13
  1.1420973016E+01, -2.8834973469E-01,  2.9612431070E-02, -1.1614399244E-13
  1.1449726577E+01, -2.8919578821E-01,  2.9236680417E-02, -1.1526972943E-13
  1.1478563901E+01, -2.9003349596E-01,  2.8862676106E-02, -1.1439942119E-13
  1.1507485418E+01, -2.9086285793E-01,  2.8490416209E-02, -1.1353305687E-13
  1.1536491562E+01, -2.9168387411E-01,  2.8119898806E-02, -1.1267062567E-13
  1.1565582768E+01, -2.9249654451E-01,  2.7751121979E-02, -1.1181211686E-13
  1.1594759477E+01, -2.9330086914E-01,  2.7384083820E-02, -1.1095751971E-13
  1.1624022131E+01, -2.9409684798E-01,  2.7018782425E-02, -1.1010682357E-13
  1.1653371180E+01, -2.9488448104E-01,  2.6655215896E-02, -1.0926001782E-13
  1.1682807072E+01, -2.9566376832E-01,  2.6293382340E-02, -1.0841709188E-13
  1.1712330263E+01, -2.9643470982E-01,  2.5933279872E-02, -1.0757803522E-13
  1.1741941209E+01, -2.9719730554E-01,  2.5574906609E-02, -1.0674283736E-13
  1.1771640374E+01, -2.9795155548E-01,  2.5218260678E-02, -1.0591148785E-13
  1.1801428221E+01, -2.9869745964E-01,  2.4863340209E-02, -1.0508397629E-13
  1.1831305221E+01, -2.9943501802E-01,  2.4510143338E-02, -1.0426029232E-13
  1.1861271846E+01, -3.0016423061E-01,  2.4158668209E-02, -1.0344042562E-13
  1.1891328573E+01, -3.0088509743E-01,  2.3808912968E-02, -1.0262436594E-13
  1.1921475882E+01, -3.0159761846E-01,  2.3460875769E-02, -1.0181210302E-13
  1.1951714259E+01, -3.0230179372E-01,  2.3114554772E-02, -1.0100362669E-13
  1.1982044192E+01, -3.0299762319E-01,  2.2769948142E-02, -1.0019892681E-13
  1.2012466173E+01, -3.0368510688E-01,  2.2427054048E-02, -9.9397993261E-14
  1.2042980700E+01, -3.0436424479E-01,  2.2085870667E-02, -9.8600815990E-14
  1.2073588273E+01, -3.0503503693E-01,  2.1746396181E-02, -9.7807384976E-14
  1.2104289396E+01, -3.0569748328E-01,  2.1408628777E-02, -9.7017690240E-14
  1.2135084580E+01, -3.0635158385E-01,  2.1072566648E-02, -9.6231721846E-14
  1.2165974338E+01, -3.0699733863E-01,  2.0738207992E-02, -9.5449469896E-14
  1.2196959187E+01, -3.0763474764E-01,  2.0405551013E-02, -9.4670924535E-14
  1.2228039650E+01, -3.0826381087E-01,  2.0074593921E-02, -9.3896075950E-14
  1.2259216253E+01, -3.0888452831E-01,  1.9745334931E-02, -9.3124914365E-14
  1.2290489527E+01, -3.0949689998E-01,  1.9417772263E-02, -9.2357430049E-14
  1.2321860007E+01, -3.1010092586E-01,  1.9091904142E-02, -9.1593613307E-14
  1.2353328234E+01, -3.1069660597E-01,  1.8767728802E-02, -9.0833454487E-14
  1.2384894752E+01, -3.1128394029E-01,  1.8445244477E-02, -9.0076943975E-14
  1.2416560111E+01, -3.1186292883E-01,  1.8124449411E-02, -8.9324072198E-14
  1.2448324863E+01, -3.1243357159E-01,  1.7805341851E-02, -8.8574829622E-14
  1.2480189569E+01, -3.1299586857E-01,  1.7487920051E-02, -8.7829206753E-14
  1.2512154792E+01, -3.1354981977E-01,  1.7172182268E-02, -8.7087194137E-14
  1.2544221099E+01, -3.1409542519E-01,  1.6858126767E-02, -8.6348782356E-14
  1.2576389066E+01, -3.1463268483E-01,  1.6545751817E-02, -8.5613962034E-14
  1.2608659268E+01, -3.1516159869E-01,  1.6235055692E-02, -8.4882723833E-14
  1.2641032292E+01, -3.1568216677E-01,  1.5926036673E-02, -8.4155058453E-14
  1.2673508723E+01, -3.1619438906E-01,  1.5618693044E-02, -8.3430956633E-14
  1.2706089157E+01, -3.1669826558E-01,  1.5313023095E-02, -8.2710409151E-14
  1.2738774193E+01, -3.1719379631E-01,  1.5009025124E-02, -8.1993406822E-14
  1.2771564434E+01, -3.1768098126E-01,  1.4706697430E-02, -8.1279940499E-14
  1.2804460489E+01, -3.1815982044E-01,  1.4406038320E-02, -8.0570001074E-14
  1.2837462975E+01, -3.1863031383E-01,  1.4107046106E-02, -7.9863579475E-14
  1.2870572511E+01, -3.1909246144E-01,  1.3809719105E-02, -7.9160666670E-14
  1.2903789723E+01, -3.1954626327E-01,  1.3514055637E-02, -7.8461253662E-14
  1.2937115243E+01, -3.1999171932E-01,  1.3220054032E-02, -7.7765331492E-14
  1.2970549708E+01, -3.2042882959E-01,  1.2927712620E-02, -7.7072891239E-14
  1.3004093761E+01, -3.2085759408E-01,  1.2637029739E-02, -7.6383924018E-14
  1.3037748051E+01, -3.2127801278E-01,  1.2348003733E-02, -7.5698420980E-14
  1.3071513232E+01, -3.2169008571E-01,  1.2060632949E-02, -7.5016373315E-14
  1.3105389966E+01, -3.2209381286E-01,  1.1774915740E-02, -7.4337772248E-14
  1.3139378918E+01, -3.2248919422E-01,  1.1490850464E-02, -7.3662609040E-14
  1.3173480763E+01, -3.2287622981E-01,  1.1208435484E-02, -7.2990874988E-14
  1.3207696178E+01, -3.2325491961E-01,  1.0927669169E-02, -7.2322561427E-14
  1.3242025849E+01, -3.2362526363E-01,  1.0648549892E-02, -7.1657659726E-14
  1.3276470467E+01, -3.2398726187E-01,  1.0371076031E-02, -7.0996161290E-14
  1.3311030731E+01, -3.2434091433E-01,  1.0095245971E-02, -7.0338057561E-14
  1.3345707345E+01, -3.2468622101E-01,  9.8210580984E-03, -6.9683340015E-14
  1.3380501021E+01, -3.2502318191E-01,  9.5485108082E-03, -6.9032000164E-14
  1.3415412475E+01, -3.2535179703E-01,  9.2776024986E-03, -6.8384029554E-14
  1.3450442433E+01, -3.2567206637E-01,  9.0083315731E-03, -6.7739419768E-14
  1.3485591626E+01, -3.2598398993E-01,  8.7406964402E-03, -6.7098162422E-14
  1.3520860793E+01, -3.2628756770E-01,  8.4746955135E-03, -6.6460249169E-14
  1.3556250678E+01, -3.2658279970E-01,  8.2103272114E-03, -6.5825671695E-14
  1.3591762034E+01, -3.2686968591E-01,  7.9475899574E-03, -6.5194421720E-14
  1.3627395621E+01, -3.2714822635E-01,  7.6864821798E-03, -6.4566490999E-14
  1.3663152206E+01, -3.2741842100E-01,  7.4270023117E-03, -6.3941871322E-14
  1.3699032563E+01, -3.2768026987E-01,  7.1691487915E-03, -6.3320554512E-14
  1.3735037475E+01, -3.2793377296E-01,  6.9129200622E-03, -6.2702532427E-14
  1.3771167732E+01, -3.2817893027E-01,  6.6583145716E-03, -6.2087796958E-14
  1.3807424130E+01, -3.2841574180E-01,  6.4053307726E-03, -6.1476340029E-14
  1.3843807476E+01, -3.2864420755E-01,  6.1539671229E-03, -6.0868153598E-14
  1.3880318582E+01, -3.2886432752E-01,  5.9042220849E-03, -6.0263229658E-14
  1.3916958271E+01, -3.2907610171E-01,  5.6560941259E-03, -5.9661560234E-14
  1.3953727373E+01, -3.2927953011E-01,  5.4095817181E-03, -5.9063137383E-14
  1.3990626726E+01, -3.2947461274E-01,  5.1646833385E-03, -5.8467953196E-14
  1.4027657178E+01, -3.2966134959E-01,  4.9213974688E-03, -5.7875999798E-14
  1.4064819584E+01, -3.2983974065E-01,  4.6797225954E-03, -5.7287269345E-14
  1.4102114812E+01, -3.3000978593E-01,  4.4396572097E-03, -5.6701754026E-14
  1.4139543735E+01, -3.3017148544E-01,  4.2011998076E-03, -5.6119446064E-14
  1.4177107239E+01, -3.3032483916E-01,  3.9643488900E-03, -5.5540337711E-14
  1.4214806219E+01, -3.3046984710E-01,  3.7291029623E-03, -5.4964421255E-14
  1.4252641582E+01, -3.3060650926E-01,  3.4954605348E-03, -5.4391689014E-14
  1.4290614247E+01, -3.3073482564E-01,  3.2634201223E-03, -5.3822133338E-14
  1.4328725144E+01, -3.3085479624E-01,  3.0329802445E-03, -5.3255746609E-14
  1.4366975220E+01, -3.3096642106E-01,  2.8041394256E-03, -5.2692521242E-14
  1.4405365439E+01, -3.3106970009E-01,  2.5768961947E-03, -5.2132449681E-14
  1.4443896784E+01, -3.3116463335E-01,  2.3512490852E-03, -5.1575524403E-14
  1.4482570266E+01, -3.3125122083E-01,  2.1271966355E-03, -5.1021737918E-14
  1.4521386930E+01, -3.3132946252E-01,  1.9047373885E-03, -5.0471082763E-14
  1.4560347875E+01, -3.3139935843E-01,  1.6838698915E-03, -4.9923551511E-14
  1.4599454284E+01, -3.3146090857E-01,  1.4645926968E-03, -4.9379136761E-14
  1.4638707487E+01, -3.3151411292E-01,  1.2469043611E-03, -4.8837831147E-14
  1.4678109097E+01, -3.3155897149E-01,  1.0308034456E-03, -4.8299627331E-14
  1.4717661371E+01, -3.3159548428E-01,  8.1628851611E-04, -4.7764518008E-14
  1.4757368302E+01, -3.3162365129E-01,  6.0335814315E-04, -4.7232495901E-14
  1.4797240212E+01, -3.3164347252E-01,  3.9201090165E-04, -4.6703553765E-14
  1.4837329825E+01, -3.3165494797E-01,  1.8224537109E-04, -4.6177684384E-14
  1.4873526317E+01, -3.3165814284E-01,  0.0000000000E+00, -4.5720063646E-14
  1.4874942911E+01, -3.3165813766E-01, -7.3133430758E-06, -4.5701686156E-14
  1.4886596762E+01, -3.3165772326E-01, -6.5747568914E-05, -4.5554802911E-14
  1.4897966626E+01, -3.3165664582E-01, -1.2405637971E-04, -4.5408162538E-14
  1.4909336850E+01, -3.3165490533E-01, -1.8223980697E-04, -4.5261764875E-14
  1.4920716071E+01, -3.3165250180E-01, -2.4029788221E-04, -4.5115609765E-14
  1.4932106202E+01, -3.3164943523E-01, -2.9823063687E-04, -4.4969697046E-14
  1.4943507922E+01, -3.3164570562E-01, -3.5603810241E-04, -4.4824026562E-14
  1.4954921543E+01, -3.3164131297E-01, -4.1372031022E-04, -4.4678598151E-14
  1.4966347236E+01, -3.3163625727E-01, -4.7127729170E-04, -4.4533411657E-14
  1.4977785108E+01, -3.3163053854E-01, -5.2870907819E-04, -4.4388466919E-14
  1.4989235231E+01, -3.3162415676E-01, -5.8601570102E-04, -4.4243763780E-14
  1.5000697663E+01, -3.3161711193E-01, -6.4319719149E-04, -4.4099302082E-14
  1.5012172449E+01, -3.3160940407E-01, -7.0025358085E-04, -4.3955081667E-14
  1.5023659630E+01, -3.3160103317E-01, -7.5718490036E-04, -4.3811102376E-14
  1.5035159240E+01, -3.3159199922E-01, -8.1399118123E-04, -4.3667364053E-14
  1.5046671313E+01, -3.3158230223E-01, -8.7067245463E-04, -4.3523866540E-14
  1.5058195880E+01, -3.3157194220E-01, -9.2722875173E-04, -4.3380609679E-14
  1.5069732969E+01, -3.3156091912E-01, -9.8366010364E-04, -4.3237593314E-14
  1.5081282610E+01, -3.3154923301E-01, -1.0399665415E-03, -4.3094817287E-14
  1.5092844831E+01, -3.3153688385E-01, -1.0961480963E-03, -4.2952281442E-14
  1.5104419660E+01, -3.3152387165E-01, -1.1522047992E-03, -4.2809985623E-14
  1.5116007124E+01, -3.3151019641E-01, -1.2081366811E-03, -4.2667929674E-14
  1.5127607249E+01, -3.3149585812E-01, -1.2639437730E-03, -4.2526113437E-14
  1.5139220063E+01, -3.3148085680E-01, -1.3196261060E-03, -4.2384536757E-14
  1.5150845592E+01, -3.3146519243E-01, -1.3751837109E-03, -4.2243199479E-14
  1.5162483863E+01, -3.3144886502E-01, -1.4306166186E-03, -4.2102101446E-14
  1.5174134903E+01, -3.3143187457E-01, -1.4859248600E-03, -4.1961242504E-14
  1.5185798738E+01, -3.3141422107E-01, -1.5411084659E-03, -4.1820622497E-14
  1.5197475395E+01, -3.3139590454E-01, -1.5961674673E-03, -4.1680241271E-14
  1.5209164900E+01, -3.3137692496E-01, -1.6511018948E-03, -4.1540098670E-14
  1.5220867280E+01, -3.3135728234E-01, -1.7059117792E-03, -4.1400194539E-14
  1.5232582561E+01, -3.3133697667E-01, -1.7605971513E-03, -4.1260528725E-14
  1.5244310771E+01, -3.3131600797E-01, -1.8151580418E-03, -4.1121101072E-14
  1.5256051935E+01, -3.3129437622E-01, -1.8695944813E-03, -4.0981911427E-14
  1.5267806081E+01, -3.3127208144E-01, -1.9239065005E-03, -4.0842959637E-14
  1.5279573235E+01, -3.3124912360E-01, -1.9780941300E-03, -4.0704245546E-14
  1.5291353425E+01, -3.3122550273E-01, -2.0321574005E-03, -4.0565769002E-14
  1.5303146676E+01, -3.3120121882E-01, -2.0860963425E-03, -4.0427529851E-14
  1.5314953017E+01, -3.3117627186E-01, -2.1399109865E-03, -4.0289527941E-14
  1.5326772475E+01, -3.3115066186E-01, -2.1936013631E-03, -4.0151763117E-14
  1.5338605075E+01, -3.3112438882E-01, -2.2471675027E-03, -4.0014235227E-14
  1.5350450846E+01, -3.3109745274E-01, -2.3006094358E-03, -3.9876944119E-14
  1.5362309815E+01, -3.3106985361E-01, -2.3539271928E-03, -3.9739889640E-14
  1.5374182009E+01, -3.3104159145E-01, -2.4071208042E-03, -3.9603071637E-14
  1.5386067456E+01, -3.3101266624E-01, -2.4601903002E-03, -3.9466489959E-14
  1.5397966183E+01, -3.3098307799E-01, -2.5131357113E-03, -3.9330144454E-14
  1.5409878218E+01, -3.3095282670E-01, -2.5659570678E-03, -3.9194034970E-14
  1.5421803588E+01, -3.3092191236E-01, -2.6186544000E-03, -3.9058161355E-14
  1.5433742322E+01, -3.3089033498E-01, -2.6712277381E-03, -3.8922523458E-14
  1.5445694447E+01, -3.3085809456E-01, -2.7236771124E-03, -3.8787121128E-14
  1.5457659990E+01, -3.3082519110E-01, -2.7760025530E-03, -3.8651954213E-14
  1.5469638981E+01, -3.3079162460E-01, -2.8282040903E-03, -3.8517022563E-14
  1.5481631446E+01, -3.3075739506E-01, -2.8802817542E-03, -3.8382326028E-14
  1.5493637415E+01, -3.3072250247E-01, -2.9322355750E-03, -3.8247864456E-14
  1.5505656916E+01, -3.3068694684E-01, -2.9840655828E-03, -3.8113637697E-14
  1.5517689976E+01, -3.3065072817E-01, -3.0357718076E-03, -3.7979645601E-14
  1.5529736625E+01, -3.3061384645E-01, -3.0873542794E-03, -3.7845888019E-14
  1.5541796890E+01, -3.3057630170E-01, -3.1388130284E-03, -3.7712364800E-14
  1.5553870801E+01, -3.3053809390E-01, -3.1901480844E-03, -3.7579075795E-14
  1.5565958386E+01, -3.3049922306E-01, -3.2413594775E-03, -3.7446020854E-14
  1.5578059674E+01, -3.3045968918E-01, -3.2924472376E-03, -3.7313199828E-14
  1.5590174694E+01, -3.3041949226E-01, -3.3434113946E-03, -3.7180612569E-14
  1.5602303475E+01, -3.3037863229E-01, -3.3942519783E-03, -3.7048258926E-14
  1.5614446046E+01, -3.3033710928E-01, -3.4449690187E-03, -3.6916138752E-14
  1.5626602436E+01, -3.3029492324E-01, -3.4955625456E-03, -3.6784251897E-14
  1.5638772674E+01, -3.3025207414E-01, -3.5460325887E-03, -3.6652598214E-14
  1.5650956790E+01, -3.3020856201E-01, -3.5963791779E-03, -3.6521177555E-14
  1.5663154814E+01, -3.3016438683E-01, -3.6466023428E-03, -3.6389989770E-14
  1.5675366773E+01, -3.3011954862E-01, -3.6967021133E-03, -3.6259034713E-14
  1.5687592699E+01, -3.3007404736E-01, -3.7466785190E-03, -3.6128312235E-14
  1.5699832622E+01, -3.3002788306E-01, -3.7965315895E-03, -3.5997822190E-14
  1.5712086569E+01, -3.2998105571E-01, -3.8462613545E-03, -3.5867564429E-14
  1.5724354573E+01, -3.2993356533E-01, -3.8958678437E-03, -3.5737538807E-14
  1.5736636663E+01, -3.2988541190E-01, -3.9453510866E-03, -3.5607745175E-14
  1.5748932868E+01, -3.2983659543E-01, -3.9947111127E-03, -3.5478183386E-14
  1.5761243220E+01, -3.2978711592E-01, -4.0439479516E-03, -3.5348853296E-14
  1.5773567748E+01, -3.2973697336E-01, -4.0930616328E-03, -3.5219754756E-14
  1.5785906482E+01, -3.2968616777E-01, -4.1420521858E-03, -3.5090887620E-14
  1.5798259454E+01, -3.2963469913E-01, -4.1909196400E-03, -3.4962251743E-14
  1.5810626694E+01, -3.2958256745E-01, -4.2396640248E-03, -3.4833846979E-14
  1.5823008233E+01, -3.2952977273E-01, -4.2882853697E-03, -3.4705673181E-14
  1.5835404101E+01, -3.2947631496E-01, -4.3367837040E-03, -3.4577730205E-14
  1.5847814329E+01, -3.2942219416E-01, -4.3851590571E-03, -3.4450017904E-14
  1.5860238948E+01, -3.2936741031E-01, -4.4334114582E-03, -3.4322536134E-14
  1.5872677990E+01, -3.2931196342E-01, -4.4815409367E-03, -3.4195284749E-14
  1.5885131486E+01, -3.2925585348E-01, -4.5295475218E-03, -3.4068263605E-14
  1.5897599466E+01, -3.2919908051E-01, -4.5774312427E-03, -3.3941472557E-14
  1.5910081963E+01, -3.2914164449E-01, -4.6251921288E-03, -3.3814911460E-14
  1.5922579007E+01, -3.2908354544E-01, -4.6728302090E-03, -3.3688580170E-14
  1.5935090631E+01, -3.2902478334E-01, -4.7203455127E-03, -3.3562478542E-14
  1.5947616866E+01, -3.2896535819E-01, -4.7677380689E-03, -3.3436606433E-14
  1.5960157744E+01, -3.2890527001E-01, -4.8150079067E-03, -3.3310963699E-14
  1.5972713297E+01, -3.2884451878E-01, -4.8621550553E-03, -3.3185550197E-14
  1.5985283557E+01, -3.2878310451E-01, -4.9091795436E-03, -3.3060365781E-14
  1.5997868556E+01, -3.2872102720E-01, -4.9560814006E-03, -3.2935410310E-14
  1.6010468326E+01, -3.2865828685E-01, -5.0028606555E-03, -3.2810683640E-14
  1.6023082900E+01, -3.2859488346E-01, -5.0495173371E-03, -3.2686185628E-14
  1.6035712310E+01, -3.2853081702E-01, -5.0960514744E-03, -3.2561916131E-14
  1.6048356589E+01, -3.2846608754E-01, -5.1424630962E-03, -3.2437875007E-14
  1.6061015769E+01, -3.2840069502E-01, -5.1887522316E-03, -3.2314062113E-14
  1.6073689883E+01, -3.2833463946E-01, -5.2349189093E-03, -3.2190477306E-14
  1.6086378964E+01, -3.2826792085E-01, -5.2809631582E-03, -3.2067120445E-14
  1.6099083045E+01, -3.2820053920E-01, -5.3268850071E-03, -3.1943991387E-14
  1.6111802160E+01, -3.2813249452E-01, -5.3726844848E-03, -3.1821089991E-14
  1.6124536341E+01, -3.2806378678E-01, -5.4183616200E-03, -3.1698416115E-14
  1.6137285621E+01, -3.2799441601E-01, -5.4639164415E-03, -3.1575969618E-14
  1.6150050035E+01, -3.2792438220E-01, -5.5093489780E-03, -3.1453750358E-14
  1.6162829615E+01, -3.2785368534E-01, -5.5546592581E-03, -3.1331758194E-14
  1.6175624396E+01, -3.2778232544E-01, -5.5998473105E-03, -3.1209992985E-14
  1.6188434411E+01, -3.2771030250E-01, -5.6449131638E-03, -3.1088454590E-14
  1.6201259693E+01, -3.2763761652E-01, -5.6898568467E-03, -3.0967142869E-14
  1.6214100278E+01, -3.2756426749E-01, -5.7346783877E-03, -3.0846057681E-14
  1.6226956200E+01, -3.2749025542E-01, -5.7793778153E-03, -3.0725198885E-14
  1.6239827491E+01, -3.2741558031E-01, -5.8239551581E-03, -3.0604566343E-14
  1.6252714188E+01, -3.2734024216E-01, -5.8684104445E-03, -3.0484159913E-14
  1.6265616323E+01, -3.2726424097E-01, -5.9127437030E-03, -3.0363979456E-14
  1.6278533933E+01, -3.2718757673E-01, -5.9569549622E-03, -3.0244024832E-14
  1.6291467051E+01, -3.2711024946E-01, -6.0010442503E-03, -3.0124295902E-14
  1.6304415713E+01, -3.2703225914E-01, -6.0450115958E-03, -3.0004792526E-14
  1.6317379953E+01, -3.2695360578E-01, -6.0888570270E-03, -2.9885514566E-14
  1.6330359806E+01, -3.2687428937E-01, -6.1325805723E-03, -2.9766461882E-14
  1.6343355308E+01, -3.2679430993E-01, -6.1761822599E-03, -2.9647634335E-14
  1.6356366494E+01, -3.2671366744E-01, -6.2196621183E-03, -2.9529031788E-14
  1.6369393399E+01, -3.2663236191E-01, -6.2630201755E-03, -2.9410654100E-14
  1.6382436059E+01, -3.2655039334E-01, -6.3062564599E-03, -2.9292501135E-14
  1.6395494509E+01, -3.2646776172E-01, -6.3493709997E-03, -2.9174572754E-14
  1.6408568786E+01, -3.2638446707E-01, -6.3923638230E-03, -2.9056868818E-14
  1.6421658925E+01, -3.2630050937E-01, -6.4352349580E-03, -2.8939389190E-14
  1.6434764962E+01, -3.2621588863E-01, -6.4779844329E-03, -2.8822133733E-14
  1.6447886934E+01, -3.2613060485E-01, -6.5206122756E-03, -2.8705102309E-14
  1.6461024877E+01, -3.2604465802E-01, -6.5631185144E-03, -2.8588294780E-14
  1.6474178826E+01, -3.2595804816E-01, -6.6055031772E-03, -2.8471711010E-14
  1.6487348820E+01, -3.2587077525E-01, -6.6477662921E-03, -2.8355350861E-14
  1.6500534893E+01, -3.2578283930E-01, -6.6899078871E-03, -2.8239214197E-14
  1.6513737084E+01, -3.2569424031E-01, -6.7319279901E-03, -2.8123300880E-14
  1.6526955429E+01, -3.2560497827E-01, -6.7738266291E-03, -2.8007610775E-14
  1.6540189964E+01, -3.2551505320E-01, -6.8156038321E-03, -2.7892143745E-14
  1.6553440728E+01, -3.2542446508E-01, -6.8572596268E-03, -2.7776899654E-14
  1.6566707758E+01, -3.2533321392E-01, -6.8987940413E-03, -2.7661878365E-14
  1.6579991091E+01, -3.2524129972E-01, -6.9402071032E-03, -2.7547079744E-14
  1.6593290764E+01, -3.2514872247E-01, -6.9814988405E-03, -2.7432503653E-14
  1.6606606815E+01, -3.2505548219E-01, -7.0226692810E-03, -2.7318149959E-14
  1.6619939283E+01, -3.2496157886E-01, -7.0637184523E-03, -2.7204018524E-14
  1.6633288204E+01, -3.2486701249E-01, -7.1046463823E-03, -2.7090109215E-14
  1.6646653618E+01, -3.2477178308E-01, -7.1454530986E-03, -2.6976421896E-14
  1.6660035561E+01, -3.2467589062E-01, -7.1861386290E-03, -2.6862956432E-14
  1.6673434074E+01, -3.2457933513E-01, -7.2267030011E-03, -2.6749712688E-14
  1.6686849194E+01, -3.2448211659E-01, -7.2671462426E-03, -2.6636690530E-14
  1.6700280959E+01, -3.2438423501E-01, -7.3074683810E-03, -2.6523889824E-14
  1.6713729410E+01, -3.2428569038E-01, -7.3476694440E-03, -2.6411310434E-14
  1.6727194583E+01, -3.2418648272E-01, -7.3877494590E-03, -2.6298952228E-14
  1.6740676519E+01, -3.2408661201E-01, -7.4277084538E-03, -2.6186815071E-14
  1.6754175257E+01, -3.2398607826E-01, -7.4675464556E-03, -2.6074898830E-14
  1.6767690836E+01, -3.2388488147E-01, -7.5072634921E-03, -2.5963203370E-14
  1.6781223296E+01, -3.2378302164E-01, -7.5468595908E-03, -2.5851728558E-14
  1.6794772675E+01, -3.2368049877E-01, -7.5863347789E-03, -2.5740474262E-14
  1.6808339014E+01, -3.2357731285E-01, -7.6256890840E-03, -2.5629440348E-14
  1.6821922353E+01, -3.2347346389E-01, -7.6649225334E-03, -2.5518626682E-14
  1.6835522732E+01, -3.2336895189E-01, -7.7040351545E-03, -2.5408033133E-14
  1.6849140191E+01, -3.2326377685E-01, -7.7430269746E-03, -2.5297659567E-14
  1.6862774769E+01, -3.2315793876E-01, -7.7818980210E-03, -2.5187505852E-14
  1.6876426508E+01, -3.2305143763E-01, -7.8206483210E-03, -2.5077571856E-14
  1.6890095449E+01, -3.2294427347E-01, -7.8592779019E-03, -2.4967857447E-14
  1.6903781631E+01, -3.2283644625E-01, -7.8977867908E-03, -2.4858362492E-14
  1.6917485097E+01, -3.2272795600E-01, -7.9361750151E-03, -2.4749086859E-14
  1.6931205886E+01, -3.2261880271E-01, -7.9744426018E-03, -2.4640030418E-14
  1.6944944040E+01, -3.2250898637E-01, -8.0125895781E-03, -2.4531193036E-14
  1.6958699601E+01, -3.2239850699E-01, -8.0506159712E-03, -2.4422574582E-14
  1.6972472609E+01, -3.2228736457E-01, -8.0885218081E-03, -2.4314174924E-14
  1.6986263107E+01, -3.2217555911E-01, -8.1263071160E-03, -2.4205993933E-14
  1.7000071136E+01, -3.2206309060E-01, -8.1639719218E-03, -2.4098031476E-14
  1.7013896738E+01, -3.2194995905E-01, -8.2015162527E-03, -2.3990287423E-14
  1.7027739956E+01, -3.2183616446E-01, -8.2389401356E-03, -2.3882761644E-14
  1.7041600831E+01, -3.2172170683E-01, -8.2762435975E-03, -2.3775454008E-14
  1.7055479406E+01, -3.2160658616E-01, -8.3134266653E-03, -2.3668364385E-14
  1.7069375724E+01, -3.2149080244E-01, -8.3504893660E-03, -2.3561492644E-14
  1.7083289826E+01, -3.2137435568E-01, -8.3874317265E-03, -2.3454838656E-14
  1.7097221757E+01, -3.2125724589E-01, -8.4242537737E-03, -2.3348402291E-14
  1.7111171558E+01, -3.2113947304E-01, -8.4609555343E-03, -2.3242183419E-14
  1.7125139274E+01, -3.2102103716E-01, -8.4975370353E-03, -2.3136181910E-14
  1.7139124947E+01, -3.2090193823E-01, -8.5339983034E-03, -2.3030397636E-14
  1.7153128621E+01, -3.2078217627E-01, -8.5703393654E-03, -2.2924830467E-14
  1.7167150339E+01, -3.2066175126E-01, -8.6065602481E-03, -2.2819480274E-14
  1.7181190146E+01, -3.2054066321E-01, -8.6426609782E-03, -2.2714346929E-14
  1.7195248086E+01, -3.2041891211E-01, -8.6786415823E-03, -2.2609430301E-14
  1.7209324201E+01, -3.2029649798E-01, -8.7145020873E-03, -2.2504730264E-14
  1.7223418538E+01, -3.2017342080E-01, -8.7502425196E-03, -2.2400246688E-14
  1.7237531140E+01, -3.2004968058E-01, -8.7858629060E-03, -2.2295979446E-14
  1.7251662051E+01, -3.1992527732E-01, -8.8213632730E-03, -2.2191928409E-14
  1.7265811317E+01, -3.1980021101E-01, -8.8567436473E-03, -2.2088093448E-14
  1.7279978983E+01, -3.1967448167E-01, -8.8920040553E-03, -2.1984474438E-14
  1.7294165093E+01, -3.1954808928E-01, -8.9271445237E-03, -2.1881071249E-14
  1.7308369693E+01, -3.1942103385E-01, -8.9621650788E-03, -2.1777883754E-14
  1.7322592829E+01, -3.1929331538E-01, -8.9970657473E-03, -2.1674911826E-14
  1.7336834545E+01, -3.1916493386E-01, -9.0318465554E-03, -2.1572155338E-14
  1.7351094888E+01, -3.1903588930E-01, -9.0665075298E-03, -2.1469614162E-14
  1.7365373904E+01, -3.1890618171E-01, -9.1010486967E-03, -2.1367288172E-14
  1.7379671639E+01, -3.1877581107E-01, -9.1354700825E-03, -2.1265177242E-14
  1.7393988139E+01, -3.1864477738E-01, -9.1697717137E-03, -2.1163281244E-14
  1.7408323450E+01, -3.1851308066E-01, -9.2039536164E-03, -2.1061600051E-14
  1.7422677620E+01, -3.1838072089E-01, -9.2380158171E-03, -2.0960133539E-14
  1.7437050695E+01, -3.1824769808E-01, -9.2719583421E-03, -2.0858881581E-14
  1.7451442722E+01, -3.1811401223E-01, -9.3057812174E-03, -2.0757844050E-14
  1.7465853748E+01, -3.1797966334E-01, -9.3394844695E-03, -2.0657020821E-14
  1.7480283821E+01, -3.1784465141E-01, -9.3730681245E-03, -2.0556411768E-14
  1.7494732987E+01, -3.1770897643E-01, -9.4065322086E-03, -2.0456016766E-14
  1.7509201296E+01, -3.1757263841E-01, -9.4398767479E-03, -2.0355835690E-14
  1.7523688794E+01, -3.1743563735E-01, -9.4731017685E-03, -2.0255868413E-14
  1.7538195531E+01, -3.1729797325E-01, -9.5062072967E-03, -2.0156114812E-14
  1.7552721553E+01, -3.1715964610E-01, -9.5391933584E-03, -2.0056574761E-14
  1.7567266910E+01, -3.1702065592E-01, -9.5720599797E-03, -1.9957248135E-14
  1.7581831649E+01, -3.1688100269E-01, -9.6048071867E-03, -1.9858134810E-14
  1.7596415821E+01, -3.1674068642E-01, -9.6374350053E-03, -1.9759234662E-14
  1.7611019474E+01, -3.1659970710E-01, -9.6699434615E-03, -1.9660547565E-14
  1.7625642656E+01, -3.1645806475E-01, -9.7023325814E-03, -1.9562073397E-14
  1.7640285419E+01, -3.1631575935E-01, -9.7346023908E-03, -1.9463812033E-14
  1.7654947810E+01, -3.1617279091E-01, -9.7667529157E-03, -1.9365763348E-14
  1.7669629880E+01, -3.1602915943E-01, -9.7987841819E-03, -1.9267927220E-14
  1.7684331678E+01, -3.1588486491E-01, -9.8306962153E-03, -1.9170303525E-14
  1.7699053256E+01, -3.1573990734E-01, -9.8624890417E-03, -1.9072892139E-14
  1.7713794662E+01, -3.1559428674E-01, -9.8941626870E-03, -1.8975692940E-14
  1.7728555948E+01, -3.1544800309E-01, -9.9257171769E-03, -1.8878705803E-14
  1.7743337165E+01, -3.1530105640E-01, -9.9571525372E-03, -1.8781930606E-14
  1.7758138363E+01, -3.1515344666E-01, -9.9884687936E-03, -1.8685367227E-14
  1.7772959593E+01, -3.1500517389E-01, -1.0019665972E-02, -1.8589015543E-14
  1.7787800906E+01, -3.1485623807E-01, -1.0050744098E-02, -1.8492875430E-14
  1.7802662355E+01, -3.1470663921E-01, -1.0081703197E-02, -1.8396946767E-14
  1.7817543991E+01, -3.1455637731E-01, -1.0112543295E-02, -1.8301229432E-14
  1.7832445866E+01, -3.1440545237E-01, -1.0143264417E-02, -1.8205723302E-14
  1.7847368031E+01, -3.1425386438E-01, -1.0173866590E-02, -1.8110428256E-14
  1.7862310539E+01, -3.1410161335E-01, -1.0204349838E-02, -1.8015344172E-14
  1.7877273444E+01, -3.1394869928E-01, -1.0234714187E-02, -1.7920470927E-14
  1.7892256796E+01, -3.1379512217E-01, -1.0264959663E-02, -1.7825808401E-14
  1.7907260650E+01, -3.1364088202E-01, -1.0295086291E-02, -1.7731356473E-14
  1.7922285058E+01, -3.1348597882E-01, -1.0325094097E-02, -1.7637115021E-14
  1.7937330074E+01, -3.1333041259E-01, -1.0354983106E-02, -1.7543083924E-14
  1.7952395751E+01, -3.1317418331E-01, -1.0384753344E-02, -1.7449263061E-14
  1.7967482144E+01, -3.1301729099E-01, -1.0414404835E-02, -1.7355652311E-14
  1.7982589305E+01, -3.1285973562E-01, -1.0443937606E-02, -1.7262251554E-14
  1.7997717289E+01, -3.1270151722E-01, -1.0473351682E-02, -1.7169060670E-14
  1.8012866151E+01, -3.1254263577E-01, -1.0502647087E-02, -1.7076079538E-14
  1.8028035945E+01, -3.1238309128E-01, -1.0531823848E-02, -1.6983308038E-14
  1.8043226726E+01, -3.1222288375E-01, -1.0560881990E-02, -1.6890746050E-14
  1.8058438550E+01, -3.1206201317E-01, -1.0589821537E-02, -1.6798393453E-14
  1.8073671470E+01, -3.1190047956E-01, -1.0618642516E-02, -1.6706250129E-14
  1.8088925543E+01, -3.1173828290E-01, -1.0647344950E-02, -1.6614315958E-14
  1.8104200825E+01, -3.1157542320E-01, -1.0675928867E-02, -1.6522590821E-14
  1.8119497371E+01, -3.1141190046E-01, -1.0704394290E-02, -1.6431074597E-14
  1.8134815237E+01, -3.1124771467E-01, -1.0732741244E-02, -1.6339767168E-14
  1.8150154481E+01, -3.1108286585E-01, -1.0760969756E-02, -1.6248668415E-14
  1.8165515157E+01, -3.1091735398E-01, -1.0789079849E-02, -1.6157778219E-14
  1.8180897325E+01, -3.1075117907E-01, -1.0817071550E-02, -1.6067096461E-14
  1.8196301039E+01, -3.1058434111E-01, -1.0844944883E-02, -1.5976623024E-14
  1.8211726358E+01, -3.1041684012E-01, -1.0872699872E-02, -1.5886357787E-14
  1.8227173339E+01, -3.1024867608E-01, -1.0900336544E-02, -1.5796300634E-14
  1.8242642040E+01, -3.1007984901E-01, -1.0927854923E-02, -1.5706451445E-14
  1.8258132519E+01, -3.0991035889E-01, -1.0955255034E-02, -1.5616810104E-14
  1.8273644834E+01, -3.0974020572E-01, -1.0982536902E-02, -1.5527376491E-14
  1.8289179043E+01, -3.0956938952E-01, -1.1009700552E-02, -1.5438150490E-14
  1.8304735205E+01, -3.0939791027E-01, -1.1036746009E-02, -1.5349131983E-14
  1.8320313380E+01, -3.0922576798E-01, -1.1063673297E-02, -1.5260320852E-14
  1.8335913625E+01, -3.0905296265E-01, -1.1090482441E-02, -1.5171716980E-14
  1.8351536001E+01, -3.0887949428E-01, -1.1117173467E-02, -1.5083320251E-14
  1.8367180568E+01, -3.0870536287E-01, -1.1143746398E-02, -1.4995130546E-14
  1.8382847384E+01, -3.0853056841E-01, -1.1170201261E-02, -1.4907147750E-14
  1.8398536511E+01, -3.0835511091E-01, -1.1196538079E-02, -1.4819371745E-14
  1.8414248008E+01, -3.0817899037E-01, -1.1222756877E-02, -1.4731802415E-14
  1.8429981936E+01, -3.0800220679E-01, -1.1248857680E-02, -1.4644439643E-14
  1.8445738356E+01, -3.0782476016E-01, -1.1274840512E-02, -1.4557283314E-14
  1.8461517330E+01, -3.0764665049E-01, -1.1300705399E-02, -1.4470333310E-14
  1.8477318918E+01, -3.0746787779E-01, -1.1326452364E-02, -1.4383589517E-14
  1.8493143182E+01, -3.0728844204E-01, -1.1352081433E-02, -1.4297051818E-14
  1.8508990184E+01, -3.0710834324E-01, -1.1377592629E-02, -1.4210720098E-14
  1.8524859986E+01, -3.0692758141E-01, -1.1402985978E-02, -1.4124594240E-14
  1.8540752651E+01, -3.0674615653E-01, -1.1428261505E-02, -1.4038674130E-14
  1.8556668240E+01, -3.0656406861E-01, -1.1453419232E-02, -1.3952959652E-14
  1.8572606818E+01, -3.0638131765E-01, -1.1478459186E-02, -1.3867450692E-14
  1.8588568447E+01, -3.0619790365E-01, -1.1503381390E-02, -1.3782147133E-14
  1.8604553191E+01, -3.0601382660E-01, -1.1528185869E-02, -1.3697048862E-14
  1.8620561112E+01, -3.0582908651E-01, -1.1552872647E-02, -1.3612155763E-14
  1.8636592276E+01, -3.0564368338E-01, -1.1577441749E-02, -1.3527467722E-14
  1.8652646747E+01, -3.0545761721E-01, -1.1601893198E-02, -1.3442984624E-14
  1.8668724588E+01, -3.0527088800E-01, -1.1626227020E-02, -1.3358706356E-14
  1.8684825865E+01, -3.0508349574E-01, -1.1650443239E-02, -1.3274632802E-14
  1.8700950642E+01, -3.0489544045E-01, -1.1674541879E-02, -1.3190763850E-14
  1.8717098986E+01, -3.0470672211E-01, -1.1698522964E-02, -1.3107099384E-14
  1.8733270961E+01, -3.0451734073E-01, -1.1722386518E-02, -1.3023639292E-14
  1.8749466633E+01, -3.0432729630E-01, -1.1746132566E-02, -1.2940383459E-14
  1.8765686069E+01, -3.0413658884E-01, -1.1769761131E-02, -1.2857331773E-14
  1.8781929335E+01, -3.0394521833E-01, -1.1793272239E-02, -1.2774484120E-14
  1.8798196498E+01, -3.0375318478E-01, -1.1816665913E-02, -1.2691840386E-14
  1.8814487624E+01, -3.0356048819E-01, -1.1839942177E-02, -1.2609400459E-14
  1.8830802781E+01, -3.0336712855E-01, -1.1863101055E-02, -1.2527164226E-14
  1.8847142036E+01, -3.0317310588E-01, -1.1886142572E-02, -1.2445131574E-14
  1.8863505457E+01, -3.0297842016E-01, -1.1909066752E-02, -1.2363302389E-14
  1.8879893113E+01, -3.0278307140E-01, -1.1931873618E-02, -1.2281676561E-14
  1.8896305071E+01, -3.0258705960E-01, -1.1954563194E-02, -1.2200253976E-14
  1.8912741400E+01, -3.0239038476E-01, -1.1977135505E-02, -1.2119034523E-14
  1.8929202170E+01, -3.0219304687E-01, -1.1999590575E-02, -1.2038018088E-14
  1.8945687450E+01, -3.0199504594E-01, -1.2021928427E-02, -1.1957204561E-14
  1.8962197308E+01, -3.0179638197E-01, -1.2044149085E-02, -1.1876593829E-14
  1.8978731816E+01, -3.0159705496E-01, -1.2066252573E-02, -1.1796185781E-14
  1.8995291043E+01, -3.0139706491E-01, -1.2088238916E-02, -1.1715980305E-14
  1.9011875060E+01, -3.0119641181E-01, -1.2110108136E-02, -1.1635977289E-14
  1.9028483937E+01, -3.0099509567E-01, -1.2131860259E-02, -1.1556176623E-14
  1.9045117745E+01, -3.0079311649E-01, -1.2153495306E-02, -1.1476578196E-14
  1.9061776557E+01, -3.0059047427E-01, -1.2175013304E-02, -1.1397181896E-14
  1.9078460443E+01, -3.0038716901E-01, -1.2196414274E-02, -1.1317987612E-14
  1.9095169476E+01, -3.0018320070E-01, -1.2217698241E-02, -1.1238995234E-14
  1.9111903728E+01, -2.9997856935E-01, -1.2238865229E-02, -1.1160204651E-14
  1.9128663271E+01, -2.9977327496E-01, -1.2259915260E-02, -1.1081615753E-14
  1.9145448179E+01, -2.9956731753E-01, -1.2280848360E-02, -1.1003228429E-14
  1.9162258525E+01, -2.9936069705E-01, -1.2301664551E-02, -1.0925042570E-14
  1.9179094383E+01, -2.9915341354E-01, -1.2322363858E-02, -1.0847058065E-14
  1.9195955825E+01, -2.9894546698E-01, -1.2342946303E-02, -1.0769274804E-14
  1.9212842927E+01, -2.9873685738E-01, -1.2363411910E-02, -1.0691692677E-14
  1.9229755764E+01, -2.9852758474E-01, -1.2383760703E-02, -1.0614311576E-14
  1.9246694409E+01, -2.9831764905E-01, -1.2403992706E-02, -1.0537131389E-14
  1.9263658938E+01, -2.9810705032E-01, -1.2424107941E-02, -1.0460152009E-14
  1.9280649428E+01, -2.9789578856E-01, -1.2444106433E-02, -1.0383373326E-14
  1.9297665953E+01, -2.9768386374E-01, -1.2463988205E-02, -1.0306795230E-14
  1.9314708590E+01, -2.9747127589E-01, -1.2483753279E-02, -1.0230417613E-14
  1.9331777415E+01, -2.9725802500E-01, -1.2503401681E-02, -1.0154240366E-14
  1.9348872506E+01, -2.9704411106E-01, -1.2522933432E-02, -1.0078263380E-14
  1.9365993939E+01, -2.9682953408E-01, -1.2542348557E-02, -1.0002486546E-14
  1.9383141792E+01, -2.9661429406E-01, -1.2561647079E-02, -9.9269097570E-15
  1.9400316143E+01, -2.9639839100E-01, -1.2580829021E-02, -9.8515329036E-15
  1.9417517071E+01, -2.9618182489E-01, -1.2599894406E-02, -9.7763558780E-15
  1.9434744654E+01, -2.9596459575E-01, -1.2618843257E-02, -9.7013785721E-15
  1.9451998970E+01, -2.9574670356E-01, -1.2637675599E-02, -9.6266008779E-15
  1.9469280100E+01, -2.9552814833E-01, -1.2656391453E-02, -9.5520226878E-15
  1.9486588122E+01, -2.9530893005E-01, -1.2674990844E-02, -9.4776438942E-15
  1.9503923118E+01, -2.9508904874E-01, -1.2693473795E-02, -9.4034643894E-15
  1.9521285167E+01, -2.9486850438E-01, -1.2711840328E-02, -9.3294840662E-15
  1.9538674350E+01, -2.9464729698E-01, -1.2730090467E-02, -9.2557028173E-15
  1.9556090748E+01, -2.9442542654E-01, -1.2748224235E-02, -9.1821205356E-15
  1.9573534443E+01, -2.9420289306E-01, -1.2766241655E-02, -9.1087371142E-15
  1.9591005516E+01, -2.9397969653E-01, -1.2784142750E-02, -9.0355524462E-15
  1.9608504050E+01, -2.9375583696E-01, -1.2801927543E-02, -8.9625664250E-15
  1.9626030127E+01, -2.9353131435E-01, -1.2819596057E-02, -8.8897789438E-15
  1.9643583831E+01, -2.9330612870E-01, -1.2837148315E-02, -8.8171898964E-15
  1.9661165245E+01, -2.9308028001E-01, -1.2854584340E-02, -8.7447991764E-15
  1.9678774452E+01, -2.9285376827E-01, -1.2871904156E-02, -8.6726066776E-15
  1.9696411536E+01, -2.9262659350E-01, -1.2889107785E-02, -8.6006122940E-15
  1.9714076583E+01, -2.9239875568E-01, -1.2906195249E-02, -8.5288159197E-15
  1.9731769676E+01, -2.9217025482E-01, -1.2923166572E-02, -8.4572174489E-15
  1.9749490902E+01, -2.9194109091E-01, -1.2940021777E-02, -8.3858167759E-15
  1.9767240345E+01, -2.9171126397E-01, -1.2956760887E-02, -8.3146137952E-15
  1.9785018092E+01, -2.9148077398E-01, -1.2973383924E-02, -8.2436084014E-15
  1.9802824230E+01, -2.9124962095E-01, -1.2989890911E-02, -8.1728004894E-15
  1.9820658845E+01, -2.9101780488E-01, -1.3006281871E-02, -8.1021899538E-15
  1.9838522024E+01, -2.9078532576E-01, -1.3022556827E-02, -8.0317766898E-15
  1.9856413856E+01, -2.9055218361E-01, -1.3038715801E-02, -7.9615605925E-15
  1.9874334427E+01, -2.9031837841E-01, -1.3054758816E-02, -7.8915415571E-15
  1.9892283828E+01, -2.9008391017E-01, -1.3070685896E-02, -7.8217194791E-15
  1.9910262146E+01, -2.8984877889E-01, -1.3086497061E-02, -7.7520942539E-15
  1.9928269470E+01, -2.8961298456E-01, -1.3102192336E-02, -7.6826657772E-15
  1.9946305892E+01, -2.8937652720E-01, -1.3117771743E-02, -7.6134339447E-15
  1.9964371500E+01, -2.8913940679E-01, -1.3133235304E-02, -7.5443986525E-15
  1.9982466385E+01, -2.8890162334E-01, -1.3148583041E-02, -7.4755597965E-15
  2.0000590638E+01, -2.8866317685E-01, -1.3163814979E-02, -7.4069172729E-15
  2.0018744351E+01, -2.8842406731E-01, -1.3178931138E-02, -7.3384709780E-15
  2.0036927616E+01, -2.8818429474E-01, -1.3193931542E-02, -7.2702208083E-15
  2.0055140524E+01, -2.8794385912E-01, -1.3208816213E-02, -7.2021666602E-15
  2.0073383168E+01, -2.8770276046E-01, -1.3223585174E-02, -7.1343084305E-15
  2.0091655642E+01, -2.8746099876E-01, -1.3238238446E-02, -7.0666460159E-15
  2.0109958040E+01, -2.8721857401E-01, -1.3252776053E-02, -6.9991793135E-15
  2.0128290454E+01, -2.8697548623E-01, -1.3267198017E-02, -6.9319082202E-15
  2.0146652980E+01, -2.8673173540E-01, -1.3281504360E-02, -6.8648326334E-15
  2.0165045713E+01, -2.8648732153E-01, -1.3295695104E-02, -6.7979524502E-15
  2.0183468748E+01, -2.8624224461E-01, -1.3309770272E-02, -6.7312675682E-15
  2.0201922180E+01, -2.8599650466E-01, -1.3323729886E-02, -6.6647778850E-15
  2.0220406106E+01, -2.8575010166E-01, -1.3337573969E-02, -6.5984832982E-15
  2.0238920623E+01, -2.8550303562E-01, -1.3351302543E-02, -6.5323837056E-15
  2.0257465828E+01, -2.8525530654E-01, -1.3364915629E-02, -6.4664790053E-15
  2.0276041819E+01, -2.8500691442E-01, -1.3378413251E-02, -6.4007690954E-15
  2.0294648693E+01, -2.8475785926E-01, -1.3391795430E-02, -6.3352538740E-15
  2.0313286550E+01, -2.8450814105E-01, -1.3405062188E-02, -6.2699332395E-15
  2.0331955488E+01, -2.8425775980E-01, -1.3418213549E-02, -6.2048070903E-15
  2.0350655608E+01, -2.8400671551E-01, -1.3431249533E-02, -6.1398753251E-15
  2.0369387008E+01, -2.8375500818E-01, -1.3444170163E-02, -6.0751378426E-15
  2.0388149790E+01, -2.8350263780E-01, -1.3456975461E-02, -6.0105945416E-15
  2.0406944055E+01, -2.8324960439E-01, -1.3469665449E-02, -5.9462453212E-15
  2.0425769903E+01, -2.8299590793E-01, -1.3482240150E-02, -5.8820900803E-15
  2.0444627438E+01, -2.8274154843E-01, -1.3494699585E-02, -5.8181287183E-15
  2.0463516762E+01, -2.8248652588E-01, -1.3507043776E-02, -5.7543611345E-15
  2.0482437977E+01, -2.8223084030E-01, -1.3519272745E-02, -5.6907872284E-15
  2.0501391187E+01, -2.8197449167E-01, -1.3531386514E-02, -5.6274068995E-15
  2.0520376497E+01, -2.8171748000E-01, -1.3543385106E-02, -5.5642200477E-15
  2.0539394010E+01, -2.8145980529E-01, -1.3555268541E-02, -5.5012265727E-15
  2.0558443832E+01, -2.8120146754E-01, -1.3567036843E-02, -5.4384263745E-15
  2.0577526068E+01, -2.8094246674E-01, -1.3578690032E-02, -5.3758193533E-15
  2.0596640824E+01, -2.8068280290E-01, -1.3590228131E-02, -5.3134054094E-15
  2.0615788208E+01, -2.8042247602E-01, -1.3601651161E-02, -5.2511844429E-15
  2.0634968325E+01, -2.8016148610E-01, -1.3612959145E-02, -5.1891563545E-15
  2.0654181284E+01, -2.7989983314E-01, -1.3624152103E-02, -5.1273210447E-15
  2.0673427193E+01, -2.7963751713E-01, -1.3635230059E-02, -5.0656784142E-15
  2.0692706161E+01, -2.7937453809E-01, -1.3646193033E-02, -5.0042283640E-15
  2.0712018296E+01, -2.7911089600E-01, -1.3657041047E-02, -4.9429707950E-15
  2.0731363710E+01, -2.7884659087E-01, -1.3667774124E-02, -4.8819056083E-15
  2.0750742511E+01, -2.7858162269E-01, -1.3678392284E-02, -4.8210327051E-15
  2.0770154811E+01, -2.7831599148E-01, -1.3688895549E-02, -4.7603519868E-15
  2.0789600722E+01, -2.7804969722E-01, -1.3699283942E-02, -4.6998633548E-15
  2.0809080355E+01, -2.7778273992E-01, -1.3709557483E-02, -4.6395667108E-15
  2.0828593823E+01, -2.7751511958E-01, -1.3719716194E-02, -4.5794619565E-15
  2.0848141240E+01, -2.7724683619E-01, -1.3729760097E-02, -4.5195489937E-15
  2.0867722718E+01, -2.7697788977E-01, -1.3739689213E-02, -4.4598277244E-15
  2.0887338373E+01, -2.7670828030E-01, -1.3749503564E-02, -4.4002980506E-15
  2.0906988319E+01, -2.7643800779E-01, -1.3759203172E-02, -4.3409598747E-15
  2.0926672671E+01, -2.7616707224E-01, -1.3768788057E-02, -4.2818130989E-15
  2.0946391546E+01, -2.7589547364E-01, -1.3778258242E-02, -4.2228576256E-15
  2.0966145060E+01, -2.7562321201E-01, -1.3787613747E-02, -4.1640933576E-15
  2.0985933331E+01, -2.7535028733E-01, -1.3796854595E-02, -4.1055201974E-15
  2.1005756476E+01, -2.7507669961E-01, -1.3805980806E-02, -4.0471380480E-15
  2.1025614615E+01, -2.7480244885E-01, -1.3814992402E-02, -3.9889468122E-15
  2.1045507865E+01, -2.7452753504E-01, -1.3823889404E-02, -3.9309463932E-15
  2.1065436346E+01, -2.7425195820E-01, -1.3832671834E-02, -3.8731366941E-15
  2.1085400179E+01, -2.7397571831E-01, -1.3841339712E-02, -3.8155176182E-15
  2.1105399485E+01, -2.7369881538E-01, -1.3849893061E-02, -3.7580890690E-15
  2.1125434385E+01, -2.7342124941E-01, -1.3858331902E-02, -3.7008509501E-15
  2.1145505002E+01, -2.7314302039E-01, -1.3866656255E-02, -3.6438031651E-15
  2.1165611457E+01, -2.7286412834E-01, -1.3874866142E-02, -3.5869456178E-15
  2.1185753875E+01, -2.7258457324E-01, -1.3882961585E-02, -3.5302782122E-15
  2.1205932380E+01, -2.7230435510E-01, -1.3890942604E-02, -3.4738008523E-15
  2.1226147096E+01, -2.7202347392E-01, -1.3898809220E-02, -3.4175134422E-15
  2.1246398149E+01, -2.7174192969E-01, -1.3906561455E-02, -3.3614158864E-15
  2.1266685664E+01, -2.7145972243E-01, -1.3914199330E-02, -3.3055080890E-15
  2.1287009768E+01, -2.7117685212E-01, -1.3921722865E-02, -3.2497899548E-15
  2.1307370589E+01, -2.7089331877E-01, -1.3929132083E-02, -3.1942613883E-15
  2.1327768255E+01, -2.7060912237E-01, -1.3936427003E-02, -3.1389222944E-15
  2.1348202894E+01, -2.7032426294E-01, -1.3943607648E-02, -3.0837725778E-15
  2.1368674636E+01, -2.7003874046E-01, -1.3950674038E-02, -3.0288121437E-15
  2.1389183610E+01, -2.6975255494E-01, -1.3957626194E-02, -2.9740408971E-15
  2.1409729948E+01, -2.6946570638E-01, -1.3964464137E-02, -2.9194587433E-15
  2.1430313780E+01, -2.6917819478E-01, -1.3971187887E-02, -2.8650655877E-15
  2.1450935239E+01, -2.6889002013E-01, -1.3977797467E-02, -2.8108613357E-15
  2.1471594458E+01, -2.6860118245E-01, -1.3984292897E-02, -2.7568458931E-15
  2.1492291570E+01, -2.6831168172E-01, -1.3990674197E-02, -2.7030191654E-15
  2.1513026710E+01, -2.6802151795E-01, -1.3996941389E-02, -2.6493810586E-15
  2.1533800012E+01, -2.6773069114E-01, -1.4003094493E-02, -2.5959314786E-15
  2.1554611612E+01, -2.6743920128E-01, -1.4009133531E-02, -2.5426703315E-15
  2.1575461646E+01, -2.6714704838E-01, -1.4015058523E-02, -2.4895975235E-15
  2.1596350252E+01, -2.6685423244E-01, -1.4020869489E-02, -2.4367129610E-15
  2.1617277567E+01, -2.6656075346E-01, -1.4026566451E-02, -2.3840165503E-15
  2.1638243731E+01, -2.6626661144E-01, -1.4032149430E-02, -2.3315081981E-15
  2.1659248881E+01, -2.6597180637E-01, -1.4037618445E-02, -2.2791878111E-15
  2.1680293159E+01, -2.6567633827E-01, -1.4042973519E-02, -2.2270552960E-15
  2.1701376706E+01, -2.6538020712E-01, -1.4048214670E-02, -2.1751105597E-15
  2.1722499662E+01, -2.6508341293E-01, -1.4053341921E-02, -2.1233535093E-15
  2.1743662171E+01, -2.6478595569E-01, -1.4058355292E-02, -2.0717840520E-15
  2.1764864375E+01, -2.6448783542E-01, -1.4063254803E-02, -2.0204020950E-15
  2.1786106419E+01, -2.6418905210E-01, -1.4068040475E-02, -1.9692075457E-15
  2.1807388447E+01, -2.6388960574E-01, -1.4072712328E-02, -1.9182003116E-15
  2.1828710605E+01, -2.6358949634E-01, -1.4077270383E-02, -1.8673803004E-15
  2.1850073039E+01, -2.6328872390E-01, -1.4081714661E-02, -1.8167474198E-15
  2.1871475896E+01, -2.6298728841E-01, -1.4086045182E-02, -1.7663015776E-15
  2.1892919325E+01, -2.6268518988E-01, -1.4090261967E-02, -1.7160426818E-15
  2.1914403473E+01, -2.6238242831E-01, -1.4094365036E-02, -1.6659706406E-15
  2.1935928491E+01, -2.6207900370E-01, -1.4098354409E-02, -1.6160853621E-15
  2.1957494529E+01, -2.6177491605E-01, -1.4102230107E-02, -1.5663867547E-15
  2.1979101739E+01, -2.6147016535E-01, -1.4105992151E-02, -1.5168747268E-15
  2.2000750271E+01, -2.6116475162E-01, -1.4109640560E-02, -1.4675491870E-15
  2.2022440280E+01, -2.6085867484E-01, -1.4113175355E-02, -1.4184100440E-15
  2.2044171919E+01, -2.6055193501E-01, -1.4116596557E-02, -1.3694572065E-15
  2.2065945343E+01, -2.6024453215E-01, -1.4119904186E-02, -1.3206905835E-15
  2.2087760708E+01, -2.5993646624E-01, -1.4123098261E-02, -1.2721100840E-15
  2.2109618168E+01, -2.5962773730E-01, -1.4126178804E-02, -1.2237156172E-15
  2.2131517883E+01, -2.5931834531E-01, -1.4129145835E-02, -1.1755070922E-15
  2.2153460010E+01, -2.5900829027E-01, -1.4131999373E-02, -1.1274844186E-15
  2.2175444708E+01, -2.5869757220E-01, -1.4134739439E-02, -1.0796475057E-15
  2.2197472138E+01, -2.5838619108E-01, -1.4137366054E-02, -1.0319962633E-15
  2.2219542459E+01, -2.5807414693E-01, -1.4139879237E-02, -9.8453060092E-16
  2.2241655834E+01, -2.5776143973E-01, -1.4142279009E-02, -9.3725042853E-16
  2.2263812425E+01, -2.5744806948E-01, -1.4144565389E-02, -8.9015565605E-16
  2.2286012397E+01, -2.5713403620E-01, -1.4146738398E-02, -8.4324619356E-16
  2.2308255913E+01, -2.5681933987E-01, -1.4148798056E-02, -7.9652195125E-16
  2.2330543139E+01, -2.5650398050E-01, -1.4150744383E-02, -7.4998283941E-16
  2.2352874242E+01, -2.5618795809E-01, -1.4152577399E-02, -7.0362876846E-16
  2.2375249389E+01, -2.5587127264E-01, -1.4154297125E-02, -6.5745964893E-16
  2.2397668749E+01, -2.5555392415E-01, -1.4155903579E-02, -6.1147539147E-16
  2.2420132490E+01, -2.5523591261E-01, -1.4157396782E-02, -5.6567590684E-16
  2.2442640782E+01, -2.5491723803E-01, -1.4158776755E-02, -5.2006110591E-16
  2.2465193799E+01, -2.5459790041E-01, -1.4160043516E-02, -4.7463089968E-16
  2.2487791711E+01, -2.5427789975E-01, -1.4161197087E-02, -4.2938519924E-16
  2.2510434691E+01, -2.5395723604E-01, -1.4162237486E-02, -3.8432391581E-16
  2.2533122915E+01, -2.5363590930E-01, -1.4163164734E-02, -3.3944696073E-16
  2.2555856557E+01, -2.5331391951E-01, -1.4163978851E-02, -2.9475424545E-16
  2.2578635794E+01, -2.5299126668E-01, -1.4164679856E-02, -2.5024568151E-16
  2.2601460804E+01, -2.5266795081E-01, -1.4165267769E-02, -2.0592118060E-16
  2.2624331764E+01, -2.5234397189E-01, -1.4165742610E-02, -1.6178065450E-16
  2.2647248853E+01, -2.5201932993E-01, -1.4166104400E-02, -1.1782401511E-16
  2.2670212254E+01, -2.5169402494E-01, -1.4166353157E-02, -7.4051174442E-17
  2.2693222147E+01, -2.5136805689E-01, -1.4166488901E-02, -3.0462044629E-17
  2.2716278714E+01, -2.5104142581E-01, -1.4166511652E-02,  1.2943462091E-17
  2.2739382140E+01, -2.5071413169E-01, -1.4166421431E-02,  5.6165433366E-17
  2.2762532609E+01, -2.5038617452E-01, -1.4166218255E-02,  9.9203956729E-17
  2.2785730308E+01, -2.5005755431E-01, -1.4165902146E-02,  1.4205911960E-16
  2.2808975423E+01, -2.4972827106E-01, -1.4165473123E-02,  1.8473100929E-16
  2.2832268142E+01, -2.4939832477E-01, -1.4164931205E-02,  2.2721971300E-16
  2.2855608656E+01, -2.4906771543E-01, -1.4164276412E-02,  2.6952531780E-16
  2.2878997153E+01, -2.4873644305E-01, -1.4163508764E-02,  3.1164791067E-16
  2.2902433826E+01, -2.4840450764E-01, -1.4162628280E-02,  3.5358757846E-16
  2.2925918867E+01, -2.4807190917E-01, -1.4161634980E-02,  3.9534440793E-16
  2.2949452471E+01, -2.4773864767E-01, -1.4160528883E-02,  4.3691848571E-16
  2.2973034832E+01, -2.4740472313E-01, -1.4159310008E-02,  4.7830989831E-16
  2.2996666146E+01, -2.4707013554E-01, -1.4157978376E-02,  5.1951873216E-16
  2.3020346612E+01, -2.4673488491E-01, -1.4156534006E-02,  5.6054507355E-16
  2.3044076427E+01, -2.4639897124E-01, -1.4154976917E-02,  6.0138900866E-16
  2.3067855791E+01, -2.4606239452E-01, -1.4153307128E-02,  6.4205062357E-16
  2.3091684906E+01, -2.4572515477E-01, -1.4151524659E-02,  6.8253000425E-16
  2.3115563974E+01, -2.4538725197E-01, -1.4149629530E-02,  7.2282723655E-16
  2.3139493197E+01, -2.4504868613E-01, -1.4147621759E-02,  7.6294240621E-16
  2.3163472782E+01, -2.4470945725E-01, -1.4145501366E-02,  8.0287559886E-16
  2.3187502933E+01, -2.4436956533E-01, -1.4143268371E-02,  8.4262690002E-16
  2.3211583859E+01, -2.4402901036E-01, -1.4140922792E-02,  8.8219639511E-16
  2.3235715767E+01, -2.4368779235E-01, -1.4138464649E-02,  9.2158416941E-16
  2.3259898869E+01, -2.4334591130E-01, -1.4135893961E-02,  9.6079030812E-16
  2.3284133373E+01, -2.4300336721E-01, -1.4133210748E-02,  9.9981489630E-16
  2.3308419495E+01, -2.4266016008E-01, -1.4130415028E-02,  1.0386580189E-15
  2.3332757446E+01, -2.4231628990E-01, -1.4127506822E-02,  1.0773197609E-15
  2.3357147443E+01, -2.4197175668E-01, -1.4124486147E-02,  1.1158002069E-15
  2.3381589701E+01, -2.4162656042E-01, -1.4121353023E-02,  1.1540994416E-15
  2.3406084439E+01, -2.4128070112E-01, -1.4118107470E-02,  1.1922175494E-15
  2.3430631875E+01, -2.4093417878E-01, -1.4114749506E-02,  1.2301546150E-15
  2.3455232231E+01, -2.4058699339E-01, -1.4111279151E-02,  1.2679107224E-15
  2.3479885728E+01, -2.4023914496E-01, -1.4107696423E-02,  1.3054859560E-15
  2.3504592590E+01, -2.3989063349E-01, -1.4104001342E-02,  1.3428803998E-15
  2.3529353041E+01, -2.3954145898E-01, -1.4100193927E-02,  1.3800941378E-15
  2.3554167308E+01, -2.3919162143E-01, -1.4096274197E-02,  1.4171272538E-15
  2.3579035618E+01, -2.3884112083E-01, -1.4092242170E-02,  1.4539798317E-15
  2.3603958201E+01, -2.3848995719E-01, -1.4088097866E-02,  1.4906519550E-15
  2.3628935287E+01, -2.3813813051E-01, -1.4083841303E-02,  1.5271437074E-15
  2.3653967108E+01, -2.3778564079E-01, -1.4079472501E-02,  1.5634551722E-15
  2.3679053897E+01, -2.3743248803E-01, -1.4074991479E-02,  1.5995864327E-15
  2.3704195890E+01, -2.3707867222E-01, -1.4070398255E-02,  1.6355375722E-15
  2.3729393323E+01, -2.3672419337E-01, -1.4065692848E-02,  1.6713086738E-15
  2.3754646435E+01, -2.3636905148E-01, -1.4060875278E-02,  1.7068998205E-15
  2.3779955464E+01, -2.3601324655E-01, -1.4055945563E-02,  1.7423110952E-15
  2.3805320652E+01, -2.3565677857E-01, -1.4050903721E-02,  1.7775425806E-15
  2.3830742243E+01, -2.3529964756E-01, -1.4045749772E-02,  1.8125943594E-15
  2.3856220479E+01, -2.3494185350E-01, -1.4040483734E-02,  1.8474665141E-15
  2.3881755608E+01, -2.3458339640E-01, -1.4035105627E-02,  1.8821591274E-15
  2.3907347876E+01, -2.3422427626E-01, -1.4029615468E-02,  1.9166722813E-15
  2.3932997533E+01, -2.3386449307E-01, -1.4024013278E-02,  1.9510060584E-15
  2.3958704829E+01, -2.3350404684E-01, -1.4018299073E-02,  1.9851605405E-15
  2.3984470018E+01, -2.3314293758E-01, -1.4012472873E-02,  2.0191358099E-15
  2.4010293352E+01, -2.3278116526E-01, -1.4006534697E-02,  2.0529319483E-15
  2.4036175088E+01, -2.3241872991E-01, -1.4000484564E-02,  2.0865490376E-15
  2.4062115484E+01, -2.3205563152E-01, -1.3994322491E-02,  2.1199871596E-15
  2.4088114798E+01, -2.3169187008E-01, -1.3988048498E-02,  2.1532463957E-15
  2.4114173292E+01, -2.3132744560E-01, -1.3981662603E-02,  2.1863268275E-15
  2.4140291228E+01, -2.3096235808E-01, -1.3975164825E-02,  2.2192285364E-15
  2.4166468871E+01, -2.3059660752E-01, -1.3968555182E-02,  2.2519516036E-15
  2.4192706486E+01, -2.3023019391E-01, -1.3961833692E-02,  2.2844961103E-15
  2.4219004342E+01, -2.2986311727E-01, -1.3955000375E-02,  2.3168621376E-15
  2.4245362708E+01, -2.2949537758E-01, -1.3948055249E-02,  2.3490497664E-15
  2.4271781857E+01, -2.2912697484E-01, -1.3940998331E-02,  2.3810590775E-15
  2.4298262061E+01, -2.2875790907E-01, -1.3933829642E-02,  2.4128901518E-15
  2.4324803596E+01, -2.2838818026E-01, -1.3926549198E-02,  2.4445430698E-15
  2.4351406739E+01, -2.2801778840E-01, -1.3919157019E-02,  2.4760179121E-15
  2.4378071769E+01, -2.2764673350E-01, -1.3911653123E-02,  2.5073147590E-15
  2.4404798967E+01, -2.2727501556E-01, -1.3904037528E-02,  2.5384336910E-15
  2.4431588615E+01, -2.2690263458E-01, -1.3896310253E-02,  2.5693747882E-15
  2.4458441000E+01, -2.2652959055E-01, -1.3888471315E-02,  2.6001381306E-15
  2.4485356407E+01, -2.2615588348E-01, -1.3880520734E-02,  2.6307237984E-15
  2.4512335125E+01, -2.2578151337E-01, -1.3872458527E-02,  2.6611318714E-15
  2.4539377446E+01, -2.2540648022E-01, -1.3864284713E-02,  2.6913624295E-15
  2.4566483661E+01, -2.2503078403E-01, -1.3855999310E-02,  2.7214155521E-15
  2.4593654065E+01, -2.2465442479E-01, -1.3847602337E-02,  2.7512913191E-15
  2.4620888956E+01, -2.2427740251E-01, -1.3839093810E-02,  2.7809898097E-15
  2.4648188632E+01, -2.2389971719E-01, -1.3830473750E-02,  2.8105111035E-15
  2.4675553395E+01, -2.2352136883E-01, -1.3821742173E-02,  2.8398552796E-15
  2.4702983546E+01, -2.2314235743E-01, -1.3812899098E-02,  2.8690224172E-15
  2.4730479393E+01, -2.2276268298E-01, -1.3803944543E-02,  2.8980125954E-15
  2.4758041241E+01, -2.2238234550E-01, -1.3794878527E-02,  2.9268258930E-15
  2.4785669400E+01, -2.2200134497E-01, -1.3785701067E-02,  2.9554623891E-15
  2.4813364183E+01, -2.2161968139E-01, -1.3776412181E-02,  2.9839221622E-15
  2.4841125903E+01, -2.2123735478E-01, -1.3767011887E-02,  3.0122052910E-15
  2.4868954876E+01, -2.2085436512E-01, -1.3757500204E-02,  3.0403118541E-15
  2.4896851421E+01, -2.2047071243E-01, -1.3747877150E-02,  3.0682419298E-15
  2.4924815859E+01, -2.2008639669E-01, -1.3738142742E-02,  3.0959955966E-15
  2.4952848511E+01, -2.1970141790E-01, -1.3728296998E-02,  3.1235729325E-15
  2.4980949704E+01, -2.1931577608E-01, -1.3718339937E-02,  3.1509740158E-15
  2.5009119766E+01, -2.1892947121E-01, -1.3708271577E-02,  3.1781989244E-15
  2.5037359026E+01, -2.1854250331E-01, -1.3698091934E-02,  3.2052477363E-15
  2.5065667816E+01, -2.1815487236E-01, -1.3687801028E-02,  3.2321205291E-15
  2.5094046472E+01, -2.1776657836E-01, -1.3677398876E-02,  3.2588173808E-15
  2.5122495330E+01, -2.1737762133E-01, -1.3666885496E-02,  3.2853383687E-15
  2.5151014731E+01, -2.1698800125E-01, -1.3656260905E-02,  3.3116835705E-15
  2.5179605016E+01, -2.1659771813E-01, -1.3645525122E-02,  3.3378530635E-15
  2.5208266530E+01, -2.1620677197E-01, -1.3634678165E-02,  3.3638469249E-15
  2.5236999620E+01, -2.1581516277E-01, -1.3623720051E-02,  3.3896652321E-15
  2.5265804636E+01, -2.1542289053E-01, -1.3612650797E-02,  3.4153080620E-15
  2.5294681930E+01, -2.1502995524E-01, -1.3601470423E-02,  3.4407754916E-15
  2.5323631857E+01, -2.1463635691E-01, -1.3590178944E-02,  3.4660675979E-15
  2.5352654774E+01, -2.1424209554E-01, -1.3578776380E-02,  3.4911844575E-15
  2.5381751043E+01, -2.1384717113E-01, -1.3567262748E-02,  3.5161261472E-15
  2.5410921024E+01, -2.1345158367E-01, -1.3555638065E-02,  3.5408927434E-15
  2.5440165085E+01, -2.1305533318E-01, -1.3543902350E-02,  3.5654843228E-15
  2.5469483593E+01, -2.1265841964E-01, -1.3532055619E-02,  3.5899009615E-15
  2.5498876920E+01, -2.1226084306E-01, -1.3520097890E-02,  3.6141427360E-15
  2.5528345438E+01, -2.1186260344E-01, -1.3508029182E-02,  3.6382097223E-15
  2.5557889525E+01, -2.1146370077E-01, -1.3495849511E-02,  3.6621019965E-15
  2.5587509560E+01, -2.1106413506E-01, -1.3483558895E-02,  3.6858196346E-15
  2.5617205926E+01, -2.1066390632E-01, -1.3471157352E-02,  3.7093627124E-15
  2.5646979008E+01, -2.1026301452E-01, -1.3458644898E-02,  3.7327313056E-15
  2.5676829194E+01, -2.0986145969E-01, -1.3446021553E-02,  3.7559254899E-15
  2.5706756874E+01, -2.0945924182E-01, -1.3433287333E-02,  3.7789453409E-15
  2.5736762444E+01, -2.0905636090E-01, -1.3420442255E-02,  3.8017909340E-15
  2.5766846300E+01, -2.0865281694E-01, -1.3407486337E-02,  3.8244623445E-15
  2.5797008842E+01, -2.0824860994E-01, -1.3394419597E-02,  3.8469596477E-15
  2.5827250475E+01, -2.0784373990E-01, -1.3381242052E-02,  3.8692829187E-15
  2.5857571603E+01, -2.0743820681E-01, -1.3367953719E-02,  3.8914322326E-15
  2.5887972637E+01, -2.0703201068E-01, -1.3354554615E-02,  3.9134076643E-15
  2.5918453989E+01, -2.0662515151E-01, -1.3341044759E-02,  3.9352092886E-15
  2.5949016075E+01, -2.0621762930E-01, -1.3327424167E-02,  3.9568371803E-15
  2.5979659315E+01, -2.0580944405E-01, -1.3313692856E-02,  3.9782914140E-15
  2.6010384131E+01, -2.0540059575E-01, -1.3299850844E-02,  3.9995720642E-15
  2.6041190948E+01, -2.0499108442E-01, -1.3285898149E-02,  4.0206792055E-15
  2.6072080195E+01, -2.0458091004E-01, -1.3271834787E-02,  4.0416129120E-15
  2.6103052306E+01, -2.0417007262E-01, -1.3257660775E-02,  4.0623732581E-15
  2.6134107716E+01, -2.0375857215E-01, -1.3243376131E-02,  4.0829603179E-15
  2.6165246864E+01, -2.0334640865E-01, -1.3228980873E-02,  4.1033741654E-15
  2.6196470194E+01, -2.0293358210E-01, -1.3214475016E-02,  4.1236148746E-15
  2.6227778151E+01, -2.0252009251E-01, -1.3199858579E-02,  4.1436825193E-15
  2.6259171185E+01, -2.0210593988E-01, -1.3185131579E-02,  4.1635771732E-15
  2.6290649751E+01, -2.0169112420E-01, -1.3170294032E-02,  4.1832989099E-15
  2.6322214304E+01, -2.0127564549E-01, -1.3155345956E-02,  4.2028478031E-15
  2.6353865307E+01, -2.0085950373E-01, -1.3140287367E-02,  4.2222239261E-15
  2.6385603223E+01, -2.0044269893E-01, -1.3125118284E-02,  4.2414273522E-15
  2.6417428521E+01, -2.0002523109E-01, -1.3109838722E-02,  4.2604581548E-15
  2.6449341674E+01, -1.9960710021E-01, -1.3094448700E-02,  4.2793164069E-15
  2.6481343156E+01, -1.9918830628E-01, -1.3078948233E-02,  4.2980021816E-15
  2.6513433448E+01, -1.9876884931E-01, -1.3063337339E-02,  4.3165155519E-15
  2.6545613035E+01, -1.9834872930E-01, -1.3047616036E-02,  4.3348565905E-15
  2.6577882402E+01, -1.9792794625E-01, -1.3031784339E-02,  4.3530253702E-15
  2.6610242043E+01, -1.9750650016E-01, -1.3015842266E-02,  4.3710219636E-15
  2.6642692453E+01, -1.9708439102E-01, -1.2999789833E-02,  4.3888464434E-15
  2.6675234132E+01, -1.9666161884E-01, -1.2983627058E-02,  4.4064988819E-15
  2.6707867585E+01, -1.9623818362E-01, -1.2967353958E-02,  4.4239793515E-15
  2.6740593318E+01, -1.9581408536E-01, -1.2950970549E-02,  4.4412879244E-15
  2.6773411846E+01, -1.9538932406E-01, -1.2934476848E-02,  4.4584246728E-15
  2.6806323684E+01, -1.9496389971E-01, -1.2917872873E-02,  4.4753896687E-15
  2.6839329355E+01, -1.9453781232E-01, -1.2901158639E-02,  4.4921829842E-15
  2.6872429383E+01, -1.9411106189E-01, -1.2884334163E-02,  4.5088046910E-15
  2.6905624298E+01, -1.9368364842E-01, -1.2867399463E-02,  4.5252548609E-15
  2.6938914635E+01, -1.9325557190E-01, -1.2850354555E-02,  4.5415335655E-15
  2.6972300933E+01, -1.9282683235E-01, -1.2833199456E-02,  4.5576408765E-15
  2.7005783735E+01, -1.9239742975E-01, -1.2815934182E-02,  4.5735768653E-15
  2.7039363590E+01, -1.9196736411E-01, -1.2798558751E-02,  4.5893416032E-15
  2.7073041051E+01, -1.9153663543E-01, -1.2781073178E-02,  4.6049351616E-15
  2.7106816674E+01, -1.9110524370E-01, -1.2763477481E-02,  4.6203576116E-15
  2.7140691024E+01, -1.9067318893E-01, -1.2745771677E-02,  4.6356090242E-15
  2.7174664666E+01, -1.9024047113E-01, -1.2727955781E-02,  4.6506894705E-15
  2.7208738173E+01, -1.8980709028E-01, -1.2710029810E-02,  4.6655990213E-15
  2.7242912123E+01, -1.8937304638E-01, -1.2691993781E-02,  4.6803377475E-15
  2.7277187097E+01, -1.8893833945E-01, -1.2673847711E-02,  4.6949057196E-15
  2.7311563682E+01, -1.8850296947E-01, -1.2655591616E-02,  4.7093030083E-15
  2.7346042473E+01, -1.8806693645E-01, -1.2637225513E-02,  4.7235296841E-15
  2.7380624064E+01, -1.8763024039E-01, -1.2618749417E-02,  4.7375858174E-15
  2.7415309061E+01, -1.8719288129E-01, -1.2600163346E-02,  4.7514714785E-15
  2.7450098071E+01, -1.8675485914E-01, -1.2581467317E-02,  4.7651867375E-15
  2.7484991707E+01, -1.8631617396E-01, -1.2562661344E-02,  4.7787316646E-15
  2.7519990588E+01, -1.8587682573E-01, -1.2543745446E-02,  4.7921063298E-15
  2.7555095340E+01, -1.8543681446E-01, -1.2524719638E-02,  4.8053108030E-15
  2.7590306593E+01, -1.8499614014E-01, -1.2505583937E-02,  4.8183451540E-15
  2.7625624981E+01, -1.8455480279E-01, -1.2486338359E-02,  4.8312094526E-15
  2.7661051147E+01, -1.8411280239E-01, -1.2466982920E-02,  4.8439037683E-15
  2.7696585739E+01, -1.8367013895E-01, -1.2447517637E-02,  4.8564281707E-15
  2.7732229408E+01, -1.8322681247E-01, -1.2427942526E-02,  4.8687827293E-15
  2.7767982815E+01, -1.8278282295E-01, -1.2408257604E-02,  4.8809675133E-15
  2.7803846624E+01, -1.8233817038E-01, -1.2388462886E-02,  4.8929825920E-15
  2.7839821507E+01, -1.8189285478E-01, -1.2368558390E-02,  4.9048280346E-15
  2.7875908141E+01, -1.8144687613E-01, -1.2348544130E-02,  4.9165039100E-15
  2.7912107209E+01, -1.8100023443E-01, -1.2328420124E-02,  4.9280102873E-15
  2.7948419402E+01, -1.8055292970E-01, -1.2308186388E-02,  4.9393472353E-15
  2.7984845415E+01, -1.8010496193E-01, -1.2287842938E-02,  4.9505148228E-15
  2.8021385951E+01, -1.7965633111E-01, -1.2267389789E-02,  4.9615131185E-15
  2.8058041720E+01, -1.7920703725E-01, -1.2246826959E-02,  4.9723421908E-15
  2.8094813437E+01, -1.7875708035E-01, -1.2226154463E-02,  4.9830021084E-15
  2.8131701824E+01, -1.7830646040E-01, -1.2205372318E-02,  4.9934929395E-15
  2.8168707612E+01, -1.7785517742E-01, -1.2184480539E-02,  5.0038147525E-15
  2.8205831536E+01, -1.7740323139E-01, -1.2163479142E-02,  5.0139676156E-15
  2.8243074340E+01, -1.7695062232E-01, -1.2142368145E-02,  5.0239515968E-15
  2.8280436773E+01, -1.7649735021E-01, -1.2121147562E-02,  5.0337667642E-15
  2.8317919593E+01, -1.7604341506E-01, -1.2099817410E-02,  5.0434131857E-15
  2.8355523564E+01, -1.7558881686E-01, -1.2078377705E-02,  5.0528909291E-15
  2.8393249458E+01, -1.7513355562E-01, -1.2056828462E-02,  5.0622000621E-15
  2.8431098055E+01, -1.7467763134E-01, -1.2035169698E-02,  5.0713406523E-15
  2.8469070142E+01, -1.7422104402E-01, -1.2013401429E-02,  5.0803127674E-15
  2.8507166511E+01, -1.7376379366E-01, -1.1991523671E-02,  5.0891164746E-15
  2.8545387967E+01, -1.7330588025E-01, -1.1969536439E-02,  5.0977518414E-15
  2.8583735318E+01, -1.7284730380E-01, -1.1947439749E-02,  5.1062189350E-15
  2.8622209382E+01, -1.7238806431E-01, -1.1925233618E-02,  5.1145178226E-15
  2.8660810985E+01, -1.7192816178E-01, -1.1902918062E-02,  5.1226485712E-15
  2.8699540961E+01, -1.7146759621E-01, -1.1880493095E-02,  5.1306112478E-15
  2.8738400151E+01, -1.7100636759E-01, -1.1857958734E-02,  5.1384059193E-15
  2.8777389407E+01, -1.7054447593E-01, -1.1835314995E-02,  5.1460326525E-15
  2.8816509587E+01, -1.7008192123E-01, -1.1812561893E-02,  5.1534915140E-15
  2.8855761559E+01, -1.6961870349E-01, -1.1789699444E-02,  5.1607825705E-15
  2.8895146198E+01, -1.6915482270E-01, -1.1766727665E-02,  5.1679058884E-15
  2.8934664389E+01, -1.6869027888E-01, -1.1743646570E-02,  5.1748615342E-15
  2.8974317026E+01, -1.6822507201E-01, -1.1720456176E-02,  5.1816495742E-15
  2.9014105012E+01, -1.6775920210E-01, -1.1697156498E-02,  5.1882700746E-15
  2.9054029258E+01, -1.6729266915E-01, -1.1673747552E-02,  5.1947231015E-15
  2.9094090686E+01, -1.6682547315E-01, -1.1650229353E-02,  5.2010087211E-15
  2.9134290226E+01, -1.6635761412E-01, -1.1626601918E-02,  5.2071269991E-15
  2.9174628818E+01, -1.6588909204E-01, -1.1602865261E-02,  5.2130780015E-15
  2.9215107411E+01, -1.6541990692E-01, -1.1579019399E-02,  5.2188617940E-15
  2.9255726965E+01, -1.6495005875E-01, -1.1555064347E-02,  5.2244784424E-15
  2.9296488450E+01, -1.6447954755E-01, -1.1531000120E-02,  5.2299280121E-15
  2.9337392844E+01, -1.6400837330E-01, -1.1506826735E-02,  5.2352105687E-15
  2.9378441137E+01, -1.6353653601E-01, -1.1482544206E-02,  5.2403261776E-15
  2.9419634329E+01, -1.6306403568E-01, -1.1458152550E-02,  5.2452749040E-15
  2.9460973430E+01, -1.6259087231E-01, -1.1433651781E-02,  5.2500568132E-15
  2.9502459461E+01, -1.6211704590E-01, -1.1409041915E-02,  5.2546719703E-15
  2.9544093453E+01, -1.6164255644E-01, -1.1384322968E-02,  5.2591204402E-15
  2.9585876450E+01, -1.6116740394E-01, -1.1359494956E-02,  5.2634022880E-15
  2.9627809505E+01, -1.6069158840E-01, -1.1334557893E-02,  5.2675175785E-15
  2.9669893683E+01, -1.6021510982E-01, -1.1309511795E-02,  5.2714663764E-15
  2.9712130060E+01, -1.5973796819E-01, -1.1284356677E-02,  5.2752487463E-15
  2.9754519724E+01, -1.5926016352E-01, -1.1259092555E-02,  5.2788647530E-15
  2.9797063774E+01, -1.5878169581E-01, -1.1233719444E-02,  5.2823144607E-15
  2.9839763322E+01, -1.5830256506E-01, -1.1208237360E-02,  5.2855979339E-15
  2.9882619491E+01, -1.5782277127E-01, -1.1182646317E-02,  5.2887152369E-15
  2.9925633417E+01, -1.5734231443E-01, -1.1156946332E-02,  5.2916664339E-15
  2.9968806248E+01, -1.5686119456E-01, -1.1131137419E-02,  5.2944515891E-15
  3.0012139145E+01, -1.5637941164E-01, -1.1105219593E-02,  5.2970707663E-15
  3.0055633282E+01, -1.5589696568E-01, -1.1079192871E-02,  5.2995240296E-15
  3.0099289844E+01, -1.5541385667E-01, -1.1053057267E-02,  5.3018114427E-15
  3.0143110031E+01, -1.5493008463E-01, -1.1026812796E-02,  5.3039330695E-15
  3.0187095056E+01, -1.5444564954E-01, -1.1000459474E-02,  5.3058889736E-15
  3.0231246146E+01, -1.5396055141E-01, -1.0973997315E-02,  5.3076792185E-15
  3.0275564540E+01, -1.5347479024E-01, -1.0947426336E-02,  5.3093038677E-15
  3.0320051494E+01, -1.5298836603E-01, -1.0920746551E-02,  5.3107629847E-15
  3.0364708275E+01, -1.5250127877E-01, -1.0893957974E-02,  5.3120566326E-15
  3.0409536167E+01, -1.5201352847E-01, -1.0867060623E-02,  5.3131848748E-15
  3.0454536465E+01, -1.5152511513E-01, -1.0840054510E-02,  5.3141477742E-15
  3.0499710484E+01, -1.5103603875E-01, -1.0812939653E-02,  5.3149453940E-15
  3.0545059549E+01, -1.5054629933E-01, -1.0785716064E-02,  5.3155777971E-15
  3.0590585004E+01, -1.5005589686E-01, -1.0758383761E-02,  5.3160450462E-15
  3.0636288206E+01, -1.4956483135E-01, -1.0730942757E-02,  5.3163472043E-15
  3.0682170529E+01, -1.4907310280E-01, -1.0703393068E-02,  5.3164843338E-15
  3.0728233362E+01, -1.4858071121E-01, -1.0675734708E-02,  5.3164564975E-15
  3.0774478113E+01, -1.4808765658E-01, -1.0647967693E-02,  5.3162637577E-15
  3.0820906203E+01, -1.4759393890E-01, -1.0620092038E-02,  5.3159061769E-15
  3.0867519072E+01, -1.4709955818E-01, -1.0592107757E-02,  5.3153838174E-15
  3.0914318176E+01, -1.4660451442E-01, -1.0564014866E-02,  5.3146967414E-15
  3.0961304988E+01, -1.4610880762E-01, -1.0535813379E-02,  5.3138450111E-15
  3.1008481000E+01, -1.4561243778E-01, -1.0507503312E-02,  5.3128286883E-15
  3.1055847720E+01, -1.4511540489E-01, -1.0479084678E-02,  5.3116478352E-15
  3.1103406677E+01, -1.4461770896E-01, -1.0450557493E-02,  5.3103025136E-15
  3.1151159415E+01, -1.4411934999E-01, -1.0421921773E-02,  5.3087927852E-15
  3.1199107498E+01, -1.4362032798E-01, -1.0393177530E-02,  5.3071187117E-15
  3.1247252511E+01, -1.4312064293E-01, -1.0364324782E-02,  5.3052803547E-15
  3.1295596056E+01, -1.4262029483E-01, -1.0335363541E-02,  5.3032777757E-15
  3.1344139755E+01, -1.4211928369E-01, -1.0306293823E-02,  5.3011110362E-15
  3.1392885251E+01, -1.4161760951E-01, -1.0277115644E-02,  5.2987801974E-15
  3.1441834206E+01, -1.4111527229E-01, -1.0247829016E-02,  5.2962853206E-15
  3.1490988303E+01, -1.4061227203E-01, -1.0218433956E-02,  5.2936264669E-15
  3.1540349247E+01, -1.4010860872E-01, -1.0188930477E-02,  5.2908036974E-15
  3.1589918763E+01, -1.3960428237E-01, -1.0159318595E-02,  5.2878170731E-15
  3.1639698599E+01, -1.3909929298E-01, -1.0129598325E-02,  5.2846666549E-15
  3.1689690525E+01, -1.3859364055E-01, -1.0099769680E-02,  5.2813525035E-15
  3.1739896331E+01, -1.3808732507E-01, -1.0069832675E-02,  5.2778746796E-15
  3.1790317833E+01, -1.3758034656E-01, -1.0039787326E-02,  5.2742332440E-15
  3.1840956868E+01, -1.3707270500E-01, -1.0009633646E-02,  5.2704282570E-15
  3.1891815298E+01, -1.3656440040E-01, -9.9793716505E-03,  5.2664597792E-15
  3.1942895008E+01, -1.3605543275E-01, -9.9490013537E-03,  5.2623278709E-15
  3.1994197909E+01, -1.3554580207E-01, -9.9185227703E-03,  5.2580325924E-15
  3.2045725935E+01, -1.3503550834E-01, -9.8879359146E-03,  5.2535740038E-15
  3.2097481045E+01, -1.3452455157E-01, -9.8572408013E-03,  5.2489521653E-15
  3.2149465227E+01, -1.3401293176E-01, -9.8264374448E-03,  5.2441671369E-15
  3.2201680491E+01, -1.3350064891E-01, -9.7955258596E-03,  5.2392189784E-15
  3.2254128876E+01, -1.3298770302E-01, -9.7645060601E-03,  5.2341077497E-15
  3.2306812448E+01, -1.3247409408E-01, -9.7333780609E-03,  5.2288335106E-15
  3.2359733301E+01, -1.3195982210E-01, -9.7021418762E-03,  5.2233963207E-15
  3.2412893555E+01, -1.3144488708E-01, -9.6707975205E-03,  5.2177962396E-15
  3.2466295360E+01, -1.3092928901E-01, -9.6393450081E-03,  5.2120333267E-15
  3.2519940896E+01, -1.3041302791E-01, -9.6077843535E-03,  5.2061076415E-15
  3.2573832371E+01, -1.2989610376E-01, -9.5761155710E-03,  5.2000192433E-15
  3.2627972024E+01, -1.2937851657E-01, -9.5443386750E-03,  5.1937681912E-15
  3.2682362125E+01, -1.2886026634E-01, -9.5124536796E-03,  5.1873545445E-15
  3.2737004975E+01, -1.2834135307E-01, -9.4804605993E-03,  5.1807783622E-15
  3.2791902905E+01, -1.2782177675E-01, -9.4483594483E-03,  5.1740397032E-15
  3.2847058283E+01, -1.2730153740E-01, -9.4161502408E-03,  5.1671386264E-15
  3.2902473505E+01, -1.2678063500E-01, -9.3838329912E-03,  5.1600751906E-15
  3.2958151004E+01, -1.2625906956E-01, -9.3514077136E-03,  5.1528494545E-15
  3.3014093246E+01, -1.2573684107E-01, -9.3188744223E-03,  5.1454614767E-15
  3.3070302733E+01, -1.2521394955E-01, -9.2862331314E-03,  5.1379113158E-15
  3.3126782001E+01, -1.2469039498E-01, -9.2534838551E-03,  5.1301990302E-15
  3.3183533623E+01, -1.2416617737E-01, -9.2206266077E-03,  5.1223246783E-15
  3.3240560210E+01, -1.2364129672E-01, -9.1876614031E-03,  5.1142883183E-15
  3.3297864410E+01, -1.2311575302E-01, -9.1545882556E-03,  5.1060900084E-15
  3.3355448909E+01, -1.2258954629E-01, -9.1214071792E-03,  5.0977298067E-15
  3.3413316433E+01, -1.2206267651E-01, -9.0881181881E-03,  5.0892077713E-15
  3.3471469747E+01, -1.2153514369E-01, -9.0547212964E-03,  5.0805239600E-15
  3.3529911657E+01, -1.2100694783E-01, -9.0212165180E-03,  5.0716784308E-15
  3.3588645012E+01, -1.2047808893E-01, -8.9876038670E-03,  5.0626712413E-15
  3.3647672702E+01, -1.1994856698E-01, -8.9538833574E-03,  5.0535024493E-15
  3.3706997660E+01, -1.1941838199E-01, -8.9200550033E-03,  5.0441721123E-15
  3.3766622864E+01, -1.1888753396E-01, -8.8861188187E-03,  5.0346802878E-15
  3.3826551336E+01, -1.1835602289E-01, -8.8520748174E-03,  5.0250270333E-15
  3.3886786146E+01, -1.1782384878E-01, -8.8179230136E-03,  5.0152124060E-15
  3.3947330407E+01, -1.1729101162E-01, -8.7836634210E-03,  5.0052364633E-15
  3.4008187284E+01, -1.1675751142E-01, -8.7492960536E-03,  4.9950992623E-15
  3.4069359988E+01, -1.1622334818E-01, -8.7148209254E-03,  4.9848008601E-15
  3.4130851781E+01, -1.1568852190E-01, -8.6802380501E-03,  4.9743413137E-15
  3.4192665975E+01, -1.1515303257E-01, -8.6455474418E-03,  4.9637206799E-15
  3.4254805935E+01, -1.1461688021E-01, -8.6107491142E-03,  4.9529390156E-15
  3.4317275077E+01, -1.1408006480E-01, -8.5758430811E-03,  4.9419963775E-15
  3.4380076874E+01, -1.1354258635E-01, -8.5408293565E-03,  4.9308928224E-15
  3.4443214851E+01, -1.1300444486E-01, -8.5057079540E-03,  4.9196284067E-15
  3.4506692592E+01, -1.1246564032E-01, -8.4704788875E-03,  4.9082031870E-15
  3.4570513738E+01, -1.1192617275E-01, -8.4351421708E-03,  4.8966172196E-15
  3.4634681987E+01, -1.1138604213E-01, -8.3996978176E-03,  4.8848705608E-15
  3.4699201100E+01, -1.1084524847E-01, -8.3641458415E-03,  4.8729632670E-15
  3.4764074896E+01, -1.1030379177E-01, -8.3284862565E-03,  4.8608953942E-15
  3.4829307261E+01, -1.0976167202E-01, -8.2927190761E-03,  4.8486669986E-15
  3.4894902142E+01, -1.0921888923E-01, -8.2568443140E-03,  4.8362781360E-15
  3.4960863553E+01, -1.0867544341E-01, -8.2208619839E-03,  4.8237288624E-15
  3.5027195574E+01, -1.0813133454E-01, -8.1847720995E-03,  4.8110192336E-15
  3.5093902354E+01, -1.0758656262E-01, -8.1485746744E-03,  4.7981493054E-15
  3.5160988112E+01, -1.0704112767E-01, -8.1122697221E-03,  4.7851191333E-15
  3.5228457140E+01, -1.0649502967E-01, -8.0758572564E-03,  4.7719287729E-15
  3.5296313802E+01, -1.0594826863E-01, -8.0393372908E-03,  4.7585782798E-15
  3.5364562536E+01, -1.0540084455E-01, -8.0027098388E-03,  4.7450677093E-15
  3.5433207860E+01, -1.0485275743E-01, -7.9659749140E-03,  4.7313971167E-15
  3.5502254367E+01, -1.0430400726E-01, -7.9291325300E-03,  4.7175665573E-15
  3.5571706732E+01, -1.0375459406E-01, -7.8921827002E-03,  4.7035760862E-15
  3.5641569712E+01, -1.0320451781E-01, -7.8551254381E-03,  4.6894257584E-15
  3.5711848148E+01, -1.0265377852E-01, -7.8179607573E-03,  4.6751156289E-15
  3.5782546967E+01, -1.0210237618E-01, -7.7806886712E-03,  4.6606457527E-15
  3.5853671186E+01, -1.0155031081E-01, -7.7433091932E-03,  4.6460161846E-15
  3.5925225910E+01, -1.0099758239E-01, -7.7058223369E-03,  4.6312269792E-15
  3.5997216337E+01, -1.0044419093E-01, -7.6682281155E-03,  4.6162781913E-15
  3.6069647761E+01, -9.9890136431E-02, -7.6305265425E-03,  4.6011698753E-15
  3.6142525570E+01, -9.9335418888E-02, -7.5927176313E-03,  4.5859020858E-15
  3.6215855257E+01, -9.8780038303E-02, -7.5548013953E-03,  4.5704748772E-15
  3.6289642411E+01, -9.8223994675E-02, -7.5167778477E-03,  4.5548883037E-15
  3.6363892728E+01, -9.7667288006E-02, -7.4786470020E-03,  4.5391424197E-15
  3.6438612013E+01, -9.7109918295E-02, -7.4404088714E-03,  4.5232372792E-15
  3.6513806177E+01, -9.6551885541E-02, -7.4020634693E-03,  4.5071729364E-15
  3.6589481247E+01, -9.5993189746E-02, -7.3636108089E-03,  4.4909494452E-15
  3.6665643363E+01, -9.5433830908E-02, -7.3250509035E-03,  4.4745668595E-15
  3.6742298785E+01, -9.4873809029E-02, -7.2863837664E-03,  4.4580252332E-15
  3.6819453892E+01, -9.4313124107E-02, -7.2476094107E-03,  4.4413246200E-15
  3.6897115192E+01, -9.3751776144E-02, -7.2087278497E-03,  4.4244650736E-15
  3.6975289317E+01, -9.3189765138E-02, -7.1697390966E-03,  4.4074466474E-15
  3.7053983031E+01, -9.2627091090E-02, -7.1306431646E-03,  4.3902693951E-15
  3.7133203235E+01, -9.2063754001E-02, -7.0914400669E-03,  4.3729333701E-15
  3.7212956965E+01, -9.1499753869E-02, -7.0521298165E-03,  4.3554386256E-15
  3.7293251403E+01, -9.0935090695E-02, -7.0127124267E-03,  4.3377852149E-15
  3.7374093873E+01, -9.0369764479E-02, -6.9731879106E-03,  4.3199731912E-15
  3.7455491851E+01, -8.9803775222E-02, -6.9335562811E-03,  4.3020026076E-15
  3.7537452968E+01, -8.9237122922E-02, -6.8938175516E-03,  4.2838735170E-15
  3.7619985011E+01, -8.8669807580E-02, -6.8539717349E-03,  4.2655859725E-15
  3.7703095932E+01, -8.8101829196E-02, -6.8140188442E-03,  4.2471400268E-15
  3.7786793848E+01, -8.7533187770E-02, -6.7739588925E-03,  4.2285357327E-15
  3.7871087050E+01, -8.6963883302E-02, -6.7337918928E-03,  4.2097731429E-15
  3.7955984005E+01, -8.6393915792E-02, -6.6935178581E-03,  4.1908523100E-15
  3.8041493361E+01, -8.5823285240E-02, -6.6531368014E-03,  4.1717732865E-15
  3.8127623956E+01, -8.5251991646E-02, -6.6126487357E-03,  4.1525361248E-15
  3.8214384818E+01, -8.4680035009E-02, -6.5720536739E-03,  4.1331408774E-15
  3.8301785175E+01, -8.4107415331E-02, -6.5313516290E-03,  4.1135875964E-15
  3.8389834457E+01, -8.3534132611E-02, -6.4905426138E-03,  4.0938763340E-15
  3.8478542308E+01, -8.2960186849E-02, -6.4496266414E-03,  4.0740071425E-15
  3.8567918585E+01, -8.2385578044E-02, -6.4086037245E-03,  4.0539800738E-15
  3.8657973369E+01, -8.1810306198E-02, -6.3674738761E-03,  4.0337951798E-15
  3.8748716972E+01, -8.1234371310E-02, -6.3262371090E-03,  4.0134525125E-15
  3.8840159942E+01, -8.0657773379E-02, -6.2848934360E-03,  3.9929521236E-15
  3.8932313071E+01, -8.0080512407E-02, -6.2434428700E-03,  3.9722940648E-15
  3.9025187404E+01, -7.9502588392E-02, -6.2018854238E-03,  3.9514783878E-15
  3.9118794243E+01, -7.8924001336E-02, -6.1602211101E-03,  3.9305051442E-15
  3.9213145162E+01, -7.8344751237E-02, -6.1184499418E-03,  3.9093743853E-15
  3.9308252007E+01, -7.7764838097E-02, -6.0765719315E-03,  3.8880861627E-15
  3.9404126914E+01, -7.7184261914E-02, -6.0345870922E-03,  3.8666405275E-15
  3.9500782309E+01, -7.6603022689E-02, -5.9924954363E-03,  3.8450375311E-15
  3.9598230924E+01, -7.6021120423E-02, -5.9502969768E-03,  3.8232772245E-15
  3.9696485807E+01, -7.5438555114E-02, -5.9079917262E-03,  3.8013596589E-15
  3.9795560329E+01, -7.4855326763E-02, -5.8655796973E-03,  3.7792848852E-15
  3.9895468195E+01, -7.4271435370E-02, -5.8230609027E-03,  3.7570529544E-15
  3.9996223459E+01, -7.3686880936E-02, -5.7804353551E-03,  3.7346639173E-15
  4.0097840532E+01, -7.3101663459E-02, -5.7377030670E-03,  3.7121178246E-15
  4.0200334198E+01, -7.2515782940E-02, -5.6948640511E-03,  3.6894147271E-15
  4.0303719623E+01, -7.1929239379E-02, -5.6519183201E-03,  3.6665546752E-15
  4.0408012369E+01, -7.1342032776E-02, -5.6088658864E-03,  3.6435377195E-15
  4.0513228412E+01, -7.0754163131E-02, -5.5657067626E-03,  3.6203639106E-15
  4.0619384152E+01, -7.0165630444E-02, -5.5224409614E-03,  3.5970332986E-15
  4.0726496430E+01, -6.9576434715E-02, -5.4790684952E-03,  3.5735459339E-15
  4.0834582544E+01, -6.8986575944E-02, -5.4355893765E-03,  3.5499018667E-15
  4.0943660265E+01, -6.8396054130E-02, -5.3920036178E-03,  3.5261011471E-15
  4.1053747857E+01, -6.7804869275E-02, -5.3483112317E-03,  3.5021438251E-15
  4.1164864091E+01, -6.7213021378E-02, -5.3045122306E-03,  3.4780299508E-15
  4.1277028267E+01, -6.6620510439E-02, -5.2606066270E-03,  3.4537595739E-15
  4.1390260235E+01, -6.6027336457E-02, -5.2165944333E-03,  3.4293327443E-15
  4.1504580412E+01, -6.5433499434E-02, -5.1724756618E-03,  3.4047495118E-15
  4.1620009809E+01, -6.4838999369E-02, -5.1282503251E-03,  3.3800099259E-15
  4.1736570048E+01, -6.4243836261E-02, -5.0839184355E-03,  3.3551140362E-15
  4.1854283392E+01, -6.3648010112E-02, -5.0394800054E-03,  3.3300618922E-15
  4.1973172769E+01, -6.3051520920E-02, -4.9949350472E-03,  3.3048535434E-15
  4.2093261796E+01, -6.2454368687E-02, -4.9502835731E-03,  3.2794890390E-15
  4.2214574807E+01, -6.1856553411E-02, -4.9055255956E-03,  3.2539684283E-15
  4.2337136889E+01, -6.1258075094E-02, -4.8606611269E-03,  3.2282917605E-15
  4.2460973905E+01, -6.0658933734E-02, -4.8156901794E-03,  3.2024590847E-15
  4.2586112529E+01, -6.0059129332E-02, -4.7706127652E-03,  3.1764704500E-15
  4.2712580282E+01, -5.9458661889E-02, -4.7254288968E-03,  3.1503259051E-15
  4.2840405570E+01, -5.8857531403E-02, -4.6801385862E-03,  3.1240254991E-15
  4.2969617716E+01, -5.8255737875E-02, -4.6347418459E-03,  3.0975692806E-15
  4.3100247004E+01, -5.7653281305E-02, -4.5892386879E-03,  3.0709572984E-15
  4.3232324723E+01, -5.7050161694E-02, -4.5436291246E-03,  3.0441896012E-15
  4.3365883208E+01, -5.6446379040E-02, -4.4979131680E-03,  3.0172662375E-15
  4.3500955889E+01, -5.5841933344E-02, -4.4520908304E-03,  2.9901872557E-15
  4.3637577344E+01, -5.5236824606E-02, -4.4061621239E-03,  2.9629527042E-15
  4.3775783345E+01, -5.4631052826E-02, -4.3601270607E-03,  2.9355626315E-15
  4.3915610922E+01, -5.4024618004E-02, -4.3139856529E-03,  2.9080170856E-15
  4.4057098415E+01, -5.3417520140E-02, -4.2677379126E-03,  2.8803161148E-15
  4.4200285543E+01, -5.2809759234E-02, -4.2213838520E-03,  2.8524597672E-15
  4.4345213465E+01, -5.2201335286E-02, -4.1749234830E-03,  2.8244480907E-15
  4.4491924858E+01, -5.1592248295E-02, -4.1283568178E-03,  2.7962811333E-15
  4.4640463983E+01, -5.0982498263E-02, -4.0816838684E-03,  2.7679589429E-15
  4.4790876772E+01, -5.0372085189E-02, -4.0349046470E-03,  2.7394815673E-15
  4.4943210912E+01, -4.9761009073E-02, -3.9880191654E-03,  2.7108490540E-15
  4.5097515931E+01, -4.9149269914E-02, -3.9410274357E-03,  2.6820614509E-15
  4.5253843300E+01, -4.8536867714E-02, -3.8939294700E-03,  2.6531188053E-15
  4.5412246531E+01, -4.7923802472E-02, -3.8467252801E-03,  2.6240211648E-15
  4.5572781291E+01, -4.7310074187E-02, -3.7994148782E-03,  2.5947685768E-15
  4.5735505514E+01, -4.6695682861E-02, -3.7519982760E-03,  2.5653610886E-15
  4.5900479531E+01, -4.6080628492E-02, -3.7044754857E-03,  2.5357987474E-15
  4.6067766199E+01, -4.5464911082E-02, -3.6568465191E-03,  2.5060816003E-15
  4.6237431051E+01, -4.4848530629E-02, -3.6091113881E-03,  2.4762096946E-15
  4.6409542441E+01, -4.4231487135E-02, -3.5612701046E-03,  2.4461830772E-15
  4.6584171717E+01, -4.3613780598E-02, -3.5133226806E-03,  2.4160017949E-15
  4.6761393392E+01, -4.2995411019E-02, -3.4652691279E-03,  2.3856658948E-15
  4.6941285337E+01, -4.2376378399E-02, -3.4171094584E-03,  2.3551754235E-15
  4.7123928987E+01, -4.1756682736E-02, -3.3688436840E-03,  2.3245304277E-15
  4.7309409557E+01, -4.1136324031E-02, -3.3204718164E-03,  2.2937309542E-15
  4.7497816287E+01, -4.0515302284E-02, -3.2719938676E-03,  2.2627770494E-15
  4.7689242693E+01, -3.9893617495E-02, -3.2234098493E-03,  2.2316687598E-15
  4.7883786847E+01, -3.9271269665E-02, -3.1747197734E-03,  2.2004061318E-15
  4.8081551678E+01, -3.8648258792E-02, -3.1259236517E-03,  2.1689892118E-15
  4.8282645298E+01, -3.8024584877E-02, -3.0770214959E-03,  2.1374180460E-15
  4.8487181358E+01, -3.7400247920E-02, -3.0280133179E-03,  2.1056926805E-15
  4.8695279427E+01, -3.6775247921E-02, -2.9788991295E-03,  2.0738131616E-15
  4.8907065418E+01, -3.6149584880E-02, -2.9296789423E-03,  2.0417795351E-15
  4.9122672039E+01, -3.5523258797E-02, -2.8803527682E-03,  2.0095918470E-15
  4.9342239292E+01, -3.4896269671E-02, -2.8309206190E-03,  1.9772501432E-15
  4.9565915020E+01, -3.4268617504E-02, -2.7813825063E-03,  1.9447544696E-15
  4.9793855501E+01, -3.3640302295E-02, -2.7317384420E-03,  1.9121048717E-15
  5.0026226105E+01, -3.3011324044E-02, -2.6819884378E-03,  1.8793013954E-15
  5.0263202009E+01, -3.2381682750E-02, -2.6321325054E-03,  1.8463440860E-15
  5.0504968991E+01, -3.1751378415E-02, -2.5821706566E-03,  1.8132329892E-15
  5.0751724304E+01, -3.1120411038E-02, -2.5321029031E-03,  1.7799681503E-15
  5.1003677639E+01, -3.0488780618E-02, -2.4819292568E-03,  1.7465496147E-15
  5.1261052193E+01, -2.9856487157E-02, -2.4316497292E-03,  1.7129774276E-15
  5.1524085855E+01, -2.9223530654E-02, -2.3812643324E-03,  1.6792516343E-15
  5.1793032525E+01, -2.8589911108E-02, -2.3307730779E-03,  1.6453722799E-15
  5.2068163584E+01, -2.7955628521E-02, -2.2801759776E-03,  1.6113394094E-15
  5.2349769536E+01, -2.7320682891E-02, -2.2294730433E-03,  1.5771530677E-15
  5.2638161844E+01, -2.6685074219E-02, -2.1786642869E-03,  1.5428132998E-15
  5.2933675007E+01, -2.6048802506E-02, -2.1277497201E-03,  1.5083201506E-15
  5.3236668875E+01, -2.5411867750E-02, -2.0767293550E-03,  1.4736736646E-15
  5.3547531289E+01, -2.4774269952E-02, -2.0256032034E-03,  1.4388738866E-15
  5.3866681055E+01, -2.4136009113E-02, -1.9743712774E-03,  1.4039208613E-15
  5.4194571333E+01, -2.3497085231E-02, -1.9230335888E-03,  1.3688146330E-15
  5.4531693499E+01, -2.2857498307E-02, -1.8715901500E-03,  1.3335552464E-15
  5.4878581568E+01, -2.2217248341E-02, -1.8200409729E-03,  1.2981427456E-15
  5.5235817274E+01, -2.1576335333E-02, -1.7683860700E-03,  1.2625771751E-15
  5.5604035929E+01, -2.0934759283E-02, -1.7166254535E-03,  1.2268585791E-15
  5.5983933217E+01, -2.0292520191E-02, -1.6647591359E-03,  1.1909870016E-15
  5.6376273085E+01, -1.9649618057E-02, -1.6127871300E-03,  1.1549624869E-15
  5.6781896986E+01, -1.9006052881E-02, -1.5607094485E-03,  1.1187850788E-15
  5.7201734724E+01, -1.8361824663E-02, -1.5085261044E-03,  1.0824548213E-15
  5.7636817279E+01, -1.7716933403E-02, -1.4562371112E-03,  1.0459717583E-15
  5.8088292037E+01, -1.7071379101E-02, -1.4038424823E-03,  1.0093359336E-15
  5.8557441002E+01, -1.6425161757E-02, -1.3513422317E-03,  9.7254739077E-16
  5.9045702716E+01, -1.5778281371E-02, -1.2987363740E-03,  9.3560617353E-16
  5.9554698830E+01, -1.5130737943E-02, -1.2460249239E-03,  8.9851232543E-16
  6.0086266559E+01, -1.4482531472E-02, -1.1932078973E-03,  8.6126588995E-16
  6.0642498672E+01, -1.3833661960E-02, -1.1402853106E-03,  8.2386691051E-16
  6.1225793200E+01, -1.3184129406E-02, -1.0872571814E-03,  7.8631543042E-16
  6.1838915853E+01, -1.2533933809E-02, -1.0341235286E-03,  7.4861149297E-16
  6.2485079251E+01, -1.1883075171E-02, -9.8088437280E-04,  7.1075514135E-16
  6.3168044723E+01, -1.1231553490E-02, -9.2753973694E-04,  6.7274641865E-16
  6.3892254849E+01, -1.0579368768E-02, -8.7408964677E-04,  6.3458536794E-16
  6.4663008605E+01, -9.9265210033E-03, -8.2053413200E-04,  5.9627203218E-16
  6.5486696683E+01, -9.2730101967E-03, -7.6687322761E-04,  5.5780645427E-16
  6.6371123646E+01, -8.6188363481E-03, -7.1310697592E-04,  5.1918867704E-16
  6.7325958431E+01, -7.9639994575E-03, -6.5923542959E-04,  4.8041874322E-16
  6.8363379947E+01, -7.3084995248E-03, -6.0525865634E-04,  4.4149669551E-16
  6.9499028808E+01, -6.6523365501E-03, -5.5117674637E-04,  4.0242257650E-16
  7.0753457872E+01, -5.9955105334E-03, -4.9698982480E-04,  3.6319642872E-16
  7.2154432363E+01, -5.3380214746E-03, -4.4269807326E-04,  3.2381829465E-16
  7.3740756921E+01, -4.6798693738E-03, -3.8830176975E-04,  2.8428821665E-16
  7.5569034781E+01, -4.0210542309E-03, -3.3380136793E-04,  2.4460623705E-16
  7.7726550964E+01, -3.3615760460E-03, -2.7919766987E-04,  2.0477239809E-16
  8.0358442537E+01, -2.7014348191E-03, -2.2449225261E-04,  1.6478674193E-16
  8.3733741340E+01, -2.0406305501E-03, -1.6968872457E-04,  1.2464931068E-16
  8.8444916897E+01, -1.3791632391E-03, -1.1479759675E-04,  8.4360146344E-17
  9.6302785516E+01, -7.1703288611E-04, -5.9868041301E-05,  4.3919290884E-17
  1.1041136239E+02, -2.2000000000E-04, -1.8999286557E-05,  1.3489127182E-17
